product_id,product_name,category,brand,standard_price
P001,Product_1,Apparel,BrandB,1423.79
P002,Product_2,Apparel,BrandA,1252.54
P003,Product_3,Electronics,BrandB,1119.99
P004,Product_4,Furniture,BrandB,669.16
P005,Product_5,Furniture,BrandC,1036.81
P006,Product_6,Furniture,BrandB,166.62
P007,Product_7,Apparel,BrandA,1321.48
P008,Product_8,Apparel,BrandA,682.98
P009,Product_9,Appliances,BrandA,1443.59
P010,Product_10,Electronics,BrandA,213.12
P011,Product_11,Apparel,BrandA,824.9
P012,Product_12,Electronics,BrandA,348.97
P013,Product_13,Electronics,BrandC,1432.02
P014,Product_14,Electronics,BrandC,209.63
P015,Product_15,Furniture,BrandB,1292.75
P016,Product_16,Apparel,BrandC,1098.12
P017,Product_17,Apparel,BrandC,811.64
P018,Product_18,Appliances,BrandA,1378.14
P019,Product_19,Furniture,BrandA,330.37
P020,Product_20,Appliances,BrandB,1420.81
P021,Product_21,Appliances,BrandB,560.3
P022,Product_22,Appliances,BrandA,900.35
P023,Product_23,Appliances,BrandB,850.17
P024,Product_24,Appliances,BrandB,100.7
P025,Product_25,Furniture,BrandB,943.8
P026,Product_26,Electronics,BrandB,723.52
P027,Product_27,Appliances,BrandC,1392.67
P028,Product_28,Furniture,BrandA,940.15
P029,Product_29,Appliances,BrandC,1436.14
P030,Product_30,Electronics,BrandB,1471.33
P031,Product_31,Electronics,BrandC,645.13
P032,Product_32,Appliances,BrandA,865.04
P033,Product_33,Appliances,BrandA,1050.43
P034,Product_34,Furniture,BrandA,873.29
P035,Product_35,Furniture,BrandA,592.63
P036,Product_36,Furniture,BrandC,1328.43
P037,Product_37,Appliances,BrandC,938.45
P038,Product_38,Electronics,BrandA,246.73
P039,Product_39,Apparel,BrandC,416.28
P040,Product_40,Apparel,BrandA,1382.19
P041,Product_41,Apparel,BrandB,163.65
P042,Product_42,Appliances,BrandC,1132.47
P043,Product_43,Furniture,BrandB,586.13
P044,Product_44,Appliances,BrandA,432.57
P045,Product_45,Appliances,BrandB,1463.2
P046,Product_46,Electronics,BrandB,660.22
P047,Product_47,Electronics,BrandB,1208.74
P048,Product_48,Electronics,BrandC,686.81
P049,Product_49,Furniture,BrandA,29.4
P050,Product_50,Electronics,BrandB,28.72
P051,Product_51,Appliances,BrandB,923.56
P052,Product_52,Apparel,BrandC,1437.41
P053,Product_53,Appliances,BrandC,765.04
P054,Product_54,Appliances,BrandC,193.58
P055,Product_55,Electronics,BrandA,1145.96
P056,Product_56,Furniture,BrandA,520.09
P057,Product_57,Apparel,BrandC,620.0
P058,Product_58,Appliances,BrandB,1070.66
P059,Product_59,Furniture,BrandA,1108.2
P060,Product_60,Appliances,BrandB,1328.01
P061,Product_61,Apparel,BrandC,471.75
P062,Product_62,Electronics,BrandA,343.32
P063,Product_63,Apparel,BrandC,461.02
P064,Product_64,Electronics,BrandC,1406.19
P065,Product_65,Electronics,BrandB,1040.36
P066,Product_66,Electronics,BrandB,1458.32
P067,Product_67,Apparel,BrandC,807.14
P068,Product_68,Apparel,BrandC,445.93
P069,Product_69,Electronics,BrandB,1124.1
P070,Product_70,Electronics,BrandA,1272.0
P071,Product_71,Apparel,BrandC,274.67
P072,Product_72,Apparel,BrandB,1174.62
P073,Product_73,Furniture,BrandC,671.86
P074,Product_74,Furniture,BrandA,498.56
P075,Product_75,Appliances,BrandC,1077.35
P076,Product_76,Apparel,BrandB,370.22
P077,Product_77,Electronics,BrandA,1239.98
P078,Product_78,Apparel,BrandB,245.29
P079,Product_79,Apparel,BrandA,801.54
P080,Product_80,Electronics,BrandC,1266.54
P081,Product_81,Apparel,BrandB,1030.76
P082,Product_82,Appliances,BrandA,718.91
P083,Product_83,Electronics,BrandA,1297.94
P084,Product_84,Electronics,BrandC,416.49
P085,Product_85,Apparel,BrandB,810.51
P086,Product_86,Apparel,BrandB,1336.28
P087,Product_87,Furniture,BrandA,1160.69
P088,Product_88,Electronics,BrandC,524.13
P089,Product_89,Apparel,BrandB,841.59
P090,Product_90,Electronics,BrandB,1271.29
P091,Product_91,Electronics,BrandC,896.28
P092,Product_92,Furniture,BrandB,1278.81
P093,Product_93,Electronics,BrandB,1470.63
P094,Product_94,Furniture,BrandA,1243.69
P095,Product_95,Appliances,BrandC,249.92
P096,Product_96,Electronics,BrandC,374.01
P097,Product_97,Furniture,BrandC,1182.46
P098,Product_98,Appliances,BrandB,539.78
P099,Product_99,Apparel,BrandA,1496.59
P100,Product_100,Furniture,BrandB,1297.25
P101,Product_101,Furniture,BrandC,85.18
P102,Product_102,Appliances,BrandC,247.66
P103,Product_103,Furniture,BrandA,1181.2
P104,Product_104,Apparel,BrandA,361.73
P105,Product_105,Electronics,BrandB,24.45
P106,Product_106,Appliances,BrandA,952.42
P107,Product_107,Appliances,BrandC,732.41
P108,Product_108,Furniture,BrandA,1187.0
P109,Product_109,Appliances,BrandC,1324.6
P110,Product_110,Appliances,BrandA,391.92
P111,Product_111,Furniture,BrandB,208.97
P112,Product_112,Apparel,BrandC,671.75
P113,Product_113,Furniture,BrandA,750.79
P114,Product_114,Furniture,BrandC,350.75
P115,Product_115,Appliances,BrandB,103.7
P116,Product_116,Appliances,BrandA,744.22
P117,Product_117,Electronics,BrandA,297.76
P118,Product_118,Furniture,BrandA,652.69
P119,Product_119,Appliances,BrandB,279.31
P120,Product_120,Appliances,BrandB,682.8
P121,Product_121,Appliances,BrandB,969.97
P122,Product_122,Apparel,BrandB,141.4
P123,Product_123,Electronics,BrandA,35.92
P124,Product_124,Electronics,BrandA,1451.13
P125,Product_125,Apparel,BrandA,823.69
P126,Product_126,Apparel,BrandB,639.42
P127,Product_127,Furniture,BrandC,107.97
P128,Product_128,Apparel,BrandB,868.97
P129,Product_129,Furniture,BrandB,1496.77
P130,Product_130,Furniture,BrandA,1288.36
P131,Product_131,Apparel,BrandB,961.31
P132,Product_132,Appliances,BrandC,869.61
P133,Product_133,Furniture,BrandB,435.06
P134,Product_134,Apparel,BrandA,144.67
P135,Product_135,Apparel,BrandC,501.46
P136,Product_136,Furniture,BrandA,1062.49
P137,Product_137,Electronics,BrandC,1348.16
P138,Product_138,Furniture,BrandA,382.0
P139,Product_139,Apparel,BrandC,824.27
P140,Product_140,Electronics,BrandB,674.16
P141,Product_141,Appliances,BrandC,1207.34
P142,Product_142,Furniture,BrandA,1141.55
P143,Product_143,Apparel,BrandC,696.8
P144,Product_144,Electronics,BrandB,443.28
P145,Product_145,Electronics,BrandA,228.39
P146,Product_146,Electronics,BrandB,1239.01
P147,Product_147,Furniture,BrandB,448.57
P148,Product_148,Furniture,BrandA,1423.26
P149,Product_149,Appliances,BrandB,1430.34
P150,Product_150,Apparel,BrandA,460.25
P151,Product_151,Appliances,BrandB,1292.23
P152,Product_152,Apparel,BrandC,746.19
P153,Product_153,Apparel,BrandA,530.69
P154,Product_154,Apparel,BrandB,1163.12
P155,Product_155,Furniture,BrandA,968.54
P156,Product_156,Apparel,BrandA,290.19
P157,Product_157,Apparel,BrandA,1181.28
P158,Product_158,Electronics,BrandA,767.38
P159,Product_159,Apparel,BrandC,739.28
P160,Product_160,Furniture,BrandA,1325.0
P161,Product_161,Electronics,BrandA,198.74
P162,Product_162,Electronics,BrandA,565.4
P163,Product_163,Appliances,BrandA,1376.35
P164,Product_164,Furniture,BrandB,21.34
P165,Product_165,Furniture,BrandA,580.36
P166,Product_166,Furniture,BrandB,427.19
P167,Product_167,Furniture,BrandA,399.74
P168,Product_168,Electronics,BrandC,47.38
P169,Product_169,Furniture,BrandA,1066.08
P170,Product_170,Electronics,BrandA,1154.18
P171,Product_171,Electronics,BrandB,1201.11
P172,Product_172,Furniture,BrandC,298.87
P173,Product_173,Apparel,BrandB,60.34
P174,Product_174,Electronics,BrandB,515.95
P175,Product_175,Apparel,BrandB,566.42
P176,Product_176,Furniture,BrandA,1090.56
P177,Product_177,Apparel,BrandB,1122.98
P178,Product_178,Electronics,BrandA,1160.57
P179,Product_179,Appliances,BrandA,185.12
P180,Product_180,Furniture,BrandB,1298.79
P181,Product_181,Furniture,BrandA,1292.84
P182,Product_182,Appliances,BrandA,701.87
P183,Product_183,Electronics,BrandB,74.58
P184,Product_184,Furniture,BrandC,788.43
P185,Product_185,Electronics,BrandB,55.8
P186,Product_186,Furniture,BrandA,155.06
P187,Product_187,Apparel,BrandC,148.29
P188,Product_188,Appliances,BrandA,258.03
P189,Product_189,Apparel,BrandA,337.91
P190,Product_190,Electronics,BrandA,380.55
P191,Product_191,Appliances,BrandB,1219.84
P192,Product_192,Electronics,BrandC,1463.84
P193,Product_193,Furniture,BrandB,783.78
P194,Product_194,Appliances,BrandA,15.25
P195,Product_195,Apparel,BrandC,1418.59
P196,Product_196,Apparel,BrandA,529.37
P197,Product_197,Furniture,BrandC,1084.29
P198,Product_198,Furniture,BrandC,384.9
P199,Product_199,Apparel,BrandB,743.6
P200,Product_200,Furniture,BrandA,153.11
P201,Product_201,Furniture,BrandA,1260.58
P202,Product_202,Apparel,BrandC,1446.59
P203,Product_203,Appliances,BrandB,695.6
P204,Product_204,Appliances,BrandA,92.05
P205,Product_205,Apparel,BrandA,962.01
P206,Product_206,Apparel,BrandA,903.17
P207,Product_207,Electronics,BrandA,1029.69
P208,Product_208,Appliances,BrandA,1045.96
P209,Product_209,Furniture,BrandB,1138.19
P210,Product_210,Furniture,BrandA,278.88
P211,Product_211,Appliances,BrandC,694.92
P212,Product_212,Furniture,BrandB,356.64
P213,Product_213,Furniture,BrandB,819.23
P214,Product_214,Appliances,BrandC,137.63
P215,Product_215,Appliances,BrandC,1390.41
P216,Product_216,Electronics,BrandB,231.36
P217,Product_217,Furniture,BrandB,614.39
P218,Product_218,Appliances,BrandA,32.26
P219,Product_219,Appliances,BrandB,1243.92
P220,Product_220,Apparel,BrandC,198.7
P221,Product_221,Electronics,BrandC,944.15
P222,Product_222,Furniture,BrandC,667.28
P223,Product_223,Apparel,BrandA,984.01
P224,Product_224,Furniture,BrandB,1089.59
P225,Product_225,Furniture,BrandC,354.23
P226,Product_226,Electronics,BrandC,1308.2
P227,Product_227,Appliances,BrandC,307.07
P228,Product_228,Apparel,BrandC,806.18
P229,Product_229,Electronics,BrandB,394.01
P230,Product_230,Appliances,BrandC,1318.82
P231,Product_231,Appliances,BrandC,727.82
P232,Product_232,Appliances,BrandA,36.46
P233,Product_233,Furniture,BrandB,1140.89
P234,Product_234,Furniture,BrandB,831.71
P235,Product_235,Appliances,BrandA,1171.89
P236,Product_236,Furniture,BrandA,545.81
P237,Product_237,Appliances,BrandC,50.32
P238,Product_238,Furniture,BrandB,1487.77
P239,Product_239,Electronics,BrandA,865.92
P240,Product_240,Electronics,BrandB,1233.29
P241,Product_241,Furniture,BrandA,877.15
P242,Product_242,Apparel,BrandC,614.07
P243,Product_243,Apparel,BrandC,451.51
P244,Product_244,Appliances,BrandC,110.79
P245,Product_245,Apparel,BrandB,1011.27
P246,Product_246,Electronics,BrandC,394.68
P247,Product_247,Appliances,BrandC,1178.63
P248,Product_248,Apparel,BrandC,1498.04
P249,Product_249,Apparel,BrandC,824.52
P250,Product_250,Furniture,BrandC,378.43
P251,Product_251,Electronics,BrandC,792.06
P252,Product_252,Appliances,BrandB,720.23
P253,Product_253,Apparel,BrandA,1451.13
P254,Product_254,Furniture,BrandB,543.47
P255,Product_255,Apparel,BrandA,138.1
P256,Product_256,Appliances,BrandC,883.68
P257,Product_257,Apparel,BrandA,956.55
P258,Product_258,Appliances,BrandA,1213.1
P259,Product_259,Furniture,BrandB,573.75
P260,Product_260,Furniture,BrandA,52.96
P261,Product_261,Furniture,BrandA,342.45
P262,Product_262,Apparel,BrandC,769.04
P263,Product_263,Electronics,BrandB,623.99
P264,Product_264,Appliances,BrandC,1283.73
P265,Product_265,Electronics,BrandC,1082.93
P266,Product_266,Electronics,BrandC,711.43
P267,Product_267,Appliances,BrandA,145.32
P268,Product_268,Apparel,BrandB,118.69
P269,Product_269,Furniture,BrandA,324.75
P270,Product_270,Furniture,BrandC,1063.61
P271,Product_271,Appliances,BrandC,866.02
P272,Product_272,Electronics,BrandB,1437.35
P273,Product_273,Apparel,BrandB,726.67
P274,Product_274,Apparel,BrandA,837.22
P275,Product_275,Appliances,BrandC,1460.04
P276,Product_276,Furniture,BrandA,712.01
P277,Product_277,Furniture,BrandB,869.89
P278,Product_278,Apparel,BrandB,1060.22
P279,Product_279,Appliances,BrandA,1247.58
P280,Product_280,Apparel,BrandB,1434.41
P281,Product_281,Apparel,BrandA,864.8
P282,Product_282,Apparel,BrandC,743.21
P283,Product_283,Electronics,BrandB,570.18
P284,Product_284,Apparel,BrandB,436.44
P285,Product_285,Furniture,BrandC,1335.8
P286,Product_286,Appliances,BrandA,302.89
P287,Product_287,Appliances,BrandB,1239.15
P288,Product_288,Apparel,BrandB,1102.6
P289,Product_289,Furniture,BrandB,1317.23
P290,Product_290,Appliances,BrandA,711.81
P291,Product_291,Appliances,BrandB,1107.59
P292,Product_292,Apparel,BrandA,1370.41
P293,Product_293,Apparel,BrandA,463.54
P294,Product_294,Appliances,BrandB,1385.37
P295,Product_295,Apparel,BrandC,78.68
P296,Product_296,Appliances,BrandC,754.37
P297,Product_297,Furniture,BrandC,764.53
P298,Product_298,Apparel,BrandC,635.2
P299,Product_299,Apparel,BrandB,302.22
P300,Product_300,Electronics,BrandA,1153.58
P301,Product_301,Furniture,BrandA,629.9
P302,Product_302,Apparel,BrandA,600.13
P303,Product_303,Appliances,BrandC,100.6
P304,Product_304,Electronics,BrandA,250.09
P305,Product_305,Apparel,BrandA,742.72
P306,Product_306,Furniture,BrandB,1192.72
P307,Product_307,Apparel,BrandC,73.09
P308,Product_308,Appliances,BrandA,378.64
P309,Product_309,Electronics,BrandA,878.48
P310,Product_310,Apparel,BrandA,1341.69
P311,Product_311,Furniture,BrandC,809.03
P312,Product_312,Appliances,BrandA,877.17
P313,Product_313,Apparel,BrandC,153.89
P314,Product_314,Apparel,BrandC,1123.24
P315,Product_315,Apparel,BrandA,1439.22
P316,Product_316,Apparel,BrandC,577.32
P317,Product_317,Apparel,BrandA,1409.59
P318,Product_318,Furniture,BrandC,233.34
P319,Product_319,Appliances,BrandA,705.04
P320,Product_320,Furniture,BrandA,739.63
P321,Product_321,Appliances,BrandB,471.55
P322,Product_322,Appliances,BrandC,827.15
P323,Product_323,Furniture,BrandA,1219.79
P324,Product_324,Appliances,BrandA,397.81
P325,Product_325,Electronics,BrandA,168.62
P326,Product_326,Electronics,BrandA,1154.57
P327,Product_327,Furniture,BrandB,1465.41
P328,Product_328,Appliances,BrandA,81.1
P329,Product_329,Appliances,BrandA,295.34
P330,Product_330,Electronics,BrandB,390.7
P331,Product_331,Furniture,BrandB,643.29
P332,Product_332,Furniture,BrandC,1299.38
P333,Product_333,Appliances,BrandA,1196.39
P334,Product_334,Appliances,BrandB,880.89
P335,Product_335,Appliances,BrandB,669.85
P336,Product_336,Electronics,BrandB,1448.14
P337,Product_337,Apparel,BrandA,139.53
P338,Product_338,Appliances,BrandB,988.42
P339,Product_339,Electronics,BrandB,356.5
P340,Product_340,Electronics,BrandA,201.26
P341,Product_341,Furniture,BrandC,1101.51
P342,Product_342,Appliances,BrandA,1208.04
P343,Product_343,Appliances,BrandB,809.21
P344,Product_344,Electronics,BrandA,1430.64
P345,Product_345,Appliances,BrandB,474.39
P346,Product_346,Apparel,BrandB,1337.22
P347,Product_347,Electronics,BrandC,645.58
P348,Product_348,Appliances,BrandA,777.98
P349,Product_349,Appliances,BrandB,693.85
P350,Product_350,Furniture,BrandA,762.35
P351,Product_351,Apparel,BrandC,923.25
P352,Product_352,Furniture,BrandC,1403.74
P353,Product_353,Electronics,BrandC,1109.58
P354,Product_354,Appliances,BrandC,93.09
P355,Product_355,Appliances,BrandC,515.04
P356,Product_356,Appliances,BrandC,1473.73
P357,Product_357,Appliances,BrandC,503.5
P358,Product_358,Appliances,BrandA,1387.07
P359,Product_359,Apparel,BrandC,618.44
P360,Product_360,Apparel,BrandC,1383.49
P361,Product_361,Appliances,BrandC,758.11
P362,Product_362,Appliances,BrandC,924.61
P363,Product_363,Appliances,BrandC,292.95
P364,Product_364,Apparel,BrandA,255.36
P365,Product_365,Electronics,BrandB,173.78
P366,Product_366,Furniture,BrandB,606.68
P367,Product_367,Electronics,BrandA,1132.15
P368,Product_368,Furniture,BrandA,325.15
P369,Product_369,Electronics,BrandB,1349.51
P370,Product_370,Electronics,BrandA,92.53
P371,Product_371,Apparel,BrandA,493.08
P372,Product_372,Furniture,BrandA,1317.6
P373,Product_373,Electronics,BrandB,1250.27
P374,Product_374,Furniture,BrandC,432.14
P375,Product_375,Electronics,BrandC,408.16
P376,Product_376,Electronics,BrandA,840.17
P377,Product_377,Appliances,BrandB,324.14
P378,Product_378,Furniture,BrandA,1370.41
P379,Product_379,Electronics,BrandB,75.06
P380,Product_380,Furniture,BrandB,674.42
P381,Product_381,Furniture,BrandC,596.36
P382,Product_382,Appliances,BrandA,1226.98
P383,Product_383,Apparel,BrandA,1243.31
P384,Product_384,Electronics,BrandA,540.16
P385,Product_385,Apparel,BrandA,474.42
P386,Product_386,Appliances,BrandB,1425.12
P387,Product_387,Apparel,BrandC,262.23
P388,Product_388,Apparel,BrandB,852.95
P389,Product_389,Furniture,BrandC,372.47
P390,Product_390,Electronics,BrandC,573.36
P391,Product_391,Electronics,BrandC,598.55
P392,Product_392,Apparel,BrandA,36.97
P393,Product_393,Appliances,BrandA,351.56
P394,Product_394,Apparel,BrandB,953.23
P395,Product_395,Appliances,BrandA,366.04
P396,Product_396,Apparel,BrandA,615.19
P397,Product_397,Apparel,BrandA,11.95
P398,Product_398,Furniture,BrandC,870.84
P399,Product_399,Furniture,BrandB,41.72
P400,Product_400,Furniture,BrandB,988.93
P401,Product_401,Furniture,BrandC,63.07
P402,Product_402,Electronics,BrandA,228.64
P403,Product_403,Apparel,BrandB,1038.86
P404,Product_404,Appliances,BrandC,781.1
P405,Product_405,Appliances,BrandB,908.12
P406,Product_406,Appliances,BrandB,1053.0
P407,Product_407,Electronics,BrandC,69.61
P408,Product_408,Furniture,BrandA,971.43
P409,Product_409,Apparel,BrandC,1453.82
P410,Product_410,Electronics,BrandC,1383.25
P411,Product_411,Furniture,BrandC,635.91
P412,Product_412,Furniture,BrandA,1343.6
P413,Product_413,Apparel,BrandB,554.17
P414,Product_414,Appliances,BrandA,895.15
P415,Product_415,Electronics,BrandB,315.34
P416,Product_416,Electronics,BrandC,435.9
P417,Product_417,Furniture,BrandB,966.72
P418,Product_418,Electronics,BrandA,452.34
P419,Product_419,Electronics,BrandC,454.39
P420,Product_420,Furniture,BrandC,1235.11
P421,Product_421,Electronics,BrandC,652.87
P422,Product_422,Apparel,BrandC,1446.21
P423,Product_423,Furniture,BrandB,229.83
P424,Product_424,Appliances,BrandA,441.15
P425,Product_425,Appliances,BrandA,935.89
P426,Product_426,Electronics,BrandC,347.26
P427,Product_427,Furniture,BrandC,1457.03
P428,Product_428,Apparel,BrandA,883.0
P429,Product_429,Electronics,BrandA,334.81
P430,Product_430,Apparel,BrandC,854.14
P431,Product_431,Electronics,BrandA,377.77
P432,Product_432,Electronics,BrandB,717.86
P433,Product_433,Furniture,BrandB,987.23
P434,Product_434,Appliances,BrandC,920.91
P435,Product_435,Electronics,BrandC,1039.73
P436,Product_436,Appliances,BrandB,1303.99
P437,Product_437,Electronics,BrandC,484.86
P438,Product_438,Appliances,BrandA,311.29
P439,Product_439,Electronics,BrandB,1364.92
P440,Product_440,Furniture,BrandB,826.4
P441,Product_441,Electronics,BrandB,391.06
P442,Product_442,Appliances,BrandB,783.53
P443,Product_443,Furniture,BrandC,97.43
P444,Product_444,Furniture,BrandA,644.55
P445,Product_445,Appliances,BrandB,40.25
P446,Product_446,Appliances,BrandA,794.26
P447,Product_447,Furniture,BrandA,1280.05
P448,Product_448,Furniture,BrandB,973.02
P449,Product_449,Furniture,BrandC,913.16
P450,Product_450,Electronics,BrandC,1396.2
P451,Product_451,Apparel,BrandB,400.99
P452,Product_452,Appliances,BrandC,802.15
P453,Product_453,Furniture,BrandC,420.14
P454,Product_454,Appliances,BrandB,511.98
P455,Product_455,Apparel,BrandA,1294.59
P456,Product_456,Furniture,BrandC,1433.67
P457,Product_457,Furniture,BrandB,1044.08
P458,Product_458,Appliances,BrandA,213.39
P459,Product_459,Electronics,BrandC,761.86
P460,Product_460,Apparel,BrandB,1344.8
P461,Product_461,Furniture,BrandB,1252.03
P462,Product_462,Furniture,BrandB,1392.16
P463,Product_463,Appliances,BrandA,126.75
P464,Product_464,Appliances,BrandA,1414.6
P465,Product_465,Furniture,BrandC,592.17
P466,Product_466,Apparel,BrandB,677.71
P467,Product_467,Electronics,BrandC,1458.13
P468,Product_468,Electronics,BrandC,240.33
P469,Product_469,Furniture,BrandB,987.81
P470,Product_470,Appliances,BrandB,361.5
P471,Product_471,Furniture,BrandA,1234.35
P472,Product_472,Apparel,BrandA,1203.58
P473,Product_473,Apparel,BrandC,314.11
P474,Product_474,Apparel,BrandA,1396.37
P475,Product_475,Electronics,BrandA,760.73
P476,Product_476,Appliances,BrandB,469.6
P477,Product_477,Apparel,BrandB,1022.59
P478,Product_478,Apparel,BrandB,219.63
P479,Product_479,Furniture,BrandB,664.77
P480,Product_480,Electronics,BrandA,555.65
P481,Product_481,Furniture,BrandC,818.51
P482,Product_482,Furniture,BrandB,1172.02
P483,Product_483,Apparel,BrandC,1379.13
P484,Product_484,Appliances,BrandB,179.76
P485,Product_485,Apparel,BrandB,586.23
P486,Product_486,Appliances,BrandC,920.2
P487,Product_487,Electronics,BrandB,653.95
P488,Product_488,Furniture,BrandC,111.36
P489,Product_489,Appliances,BrandB,1127.49
P490,Product_490,Furniture,BrandA,717.56
P491,Product_491,Furniture,BrandC,396.11
P492,Product_492,Furniture,BrandC,1032.59
P493,Product_493,Furniture,BrandB,378.23
P494,Product_494,Furniture,BrandC,1041.35
P495,Product_495,Electronics,BrandB,1283.73
P496,Product_496,Electronics,BrandB,915.29
P497,Product_497,Furniture,BrandA,1114.03
P498,Product_498,Electronics,BrandB,434.08
P499,Product_499,Furniture,BrandA,745.23
P500,Product_500,Apparel,BrandA,701.8
P501,Product_501,Electronics,BrandC,811.62
P502,Product_502,Furniture,BrandC,1260.32
P503,Product_503,Appliances,BrandA,1084.54
P504,Product_504,Furniture,BrandA,106.1
P505,Product_505,Apparel,BrandA,528.31
P506,Product_506,Appliances,BrandC,338.09
P507,Product_507,Apparel,BrandC,359.77
P508,Product_508,Appliances,BrandB,939.62
P509,Product_509,Furniture,BrandB,1277.28
P510,Product_510,Furniture,BrandC,54.64
P511,Product_511,Electronics,BrandA,593.19
P512,Product_512,Electronics,BrandC,1170.25
P513,Product_513,Furniture,BrandA,1135.38
P514,Product_514,Appliances,BrandA,90.13
P515,Product_515,Apparel,BrandC,773.43
P516,Product_516,Apparel,BrandB,109.76
P517,Product_517,Electronics,BrandA,1290.37
P518,Product_518,Apparel,BrandA,1410.9
P519,Product_519,Appliances,BrandC,685.09
P520,Product_520,Furniture,BrandA,1243.37
P521,Product_521,Appliances,BrandB,594.12
P522,Product_522,Electronics,BrandA,729.38
P523,Product_523,Apparel,BrandA,215.55
P524,Product_524,Apparel,BrandA,53.35
P525,Product_525,Electronics,BrandA,374.66
P526,Product_526,Apparel,BrandB,859.69
P527,Product_527,Electronics,BrandA,1064.67
P528,Product_528,Electronics,BrandC,384.79
P529,Product_529,Furniture,BrandB,966.87
P530,Product_530,Apparel,BrandC,828.64
P531,Product_531,Electronics,BrandC,738.72
P532,Product_532,Electronics,BrandB,1395.45
P533,Product_533,Apparel,BrandC,1194.11
P534,Product_534,Apparel,BrandA,867.52
P535,Product_535,Appliances,BrandC,1062.19
P536,Product_536,Apparel,BrandC,1007.06
P537,Product_537,Furniture,BrandC,1033.36
P538,Product_538,Apparel,BrandC,701.53
P539,Product_539,Appliances,BrandC,1286.38
P540,Product_540,Furniture,BrandC,1170.81
P541,Product_541,Appliances,BrandC,408.36
P542,Product_542,Apparel,BrandB,311.42
P543,Product_543,Appliances,BrandB,757.79
P544,Product_544,Electronics,BrandC,308.18
P545,Product_545,Appliances,BrandB,134.43
P546,Product_546,Apparel,BrandA,427.26
P547,Product_547,Apparel,BrandB,223.35
P548,Product_548,Electronics,BrandC,798.42
P549,Product_549,Electronics,BrandB,1304.46
P550,Product_550,Appliances,BrandC,253.18
P551,Product_551,Furniture,BrandB,309.48
P552,Product_552,Electronics,BrandA,1369.26
P553,Product_553,Electronics,BrandA,845.14
P554,Product_554,Electronics,BrandC,284.76
P555,Product_555,Apparel,BrandA,53.86
P556,Product_556,Apparel,BrandC,302.16
P557,Product_557,Furniture,BrandC,1322.41
P558,Product_558,Electronics,BrandA,704.67
P559,Product_559,Furniture,BrandA,748.43
P560,Product_560,Furniture,BrandC,298.47
P561,Product_561,Furniture,BrandB,815.33
P562,Product_562,Furniture,BrandC,1256.1
P563,Product_563,Apparel,BrandB,322.28
P564,Product_564,Appliances,BrandA,285.0
P565,Product_565,Appliances,BrandB,1201.67
P566,Product_566,Appliances,BrandA,1102.21
P567,Product_567,Electronics,BrandB,455.19
P568,Product_568,Appliances,BrandC,472.77
P569,Product_569,Furniture,BrandB,272.91
P570,Product_570,Appliances,BrandC,611.29
P571,Product_571,Apparel,BrandA,871.96
P572,Product_572,Appliances,BrandC,128.06
P573,Product_573,Apparel,BrandB,1359.52
P574,Product_574,Furniture,BrandC,1307.84
P575,Product_575,Apparel,BrandC,417.68
P576,Product_576,Furniture,BrandB,934.72
P577,Product_577,Furniture,BrandB,874.76
P578,Product_578,Appliances,BrandC,672.84
P579,Product_579,Electronics,BrandB,783.64
P580,Product_580,Apparel,BrandB,36.06
P581,Product_581,Apparel,BrandA,617.92
P582,Product_582,Apparel,BrandC,1020.12
P583,Product_583,Appliances,BrandB,1198.04
P584,Product_584,Furniture,BrandB,1058.41
P585,Product_585,Furniture,BrandC,527.63
P586,Product_586,Appliances,BrandC,160.03
P587,Product_587,Appliances,BrandC,296.84
P588,Product_588,Furniture,BrandB,412.15
P589,Product_589,Electronics,BrandC,374.34
P590,Product_590,Electronics,BrandB,684.93
P591,Product_591,Appliances,BrandB,1407.58
P592,Product_592,Electronics,BrandB,713.13
P593,Product_593,Apparel,BrandA,1452.52
P594,Product_594,Appliances,BrandA,1285.08
P595,Product_595,Apparel,BrandB,81.45
P596,Product_596,Appliances,BrandB,888.56
P597,Product_597,Appliances,BrandB,856.67
P598,Product_598,Apparel,BrandB,127.53
P599,Product_599,Appliances,BrandC,1392.68
P600,Product_600,Apparel,BrandA,834.57
P601,Product_601,Appliances,BrandC,705.69
P602,Product_602,Apparel,BrandB,979.84
P603,Product_603,Electronics,BrandA,1126.99
P604,Product_604,Appliances,BrandB,766.35
P605,Product_605,Furniture,BrandA,554.92
P606,Product_606,Furniture,BrandC,925.82
P607,Product_607,Electronics,BrandC,886.23
P608,Product_608,Apparel,BrandC,1113.35
P609,Product_609,Apparel,BrandB,840.61
P610,Product_610,Furniture,BrandB,43.74
P611,Product_611,Appliances,BrandC,129.11
P612,Product_612,Apparel,BrandA,164.71
P613,Product_613,Appliances,BrandC,938.85
P614,Product_614,Furniture,BrandC,315.12
P615,Product_615,Apparel,BrandA,1140.06
P616,Product_616,Appliances,BrandA,119.27
P617,Product_617,Furniture,BrandA,155.21
P618,Product_618,Furniture,BrandC,1474.52
P619,Product_619,Appliances,BrandC,470.36
P620,Product_620,Appliances,BrandB,817.54
P621,Product_621,Electronics,BrandB,850.63
P622,Product_622,Apparel,BrandA,1249.42
P623,Product_623,Electronics,BrandB,271.89
P624,Product_624,Appliances,BrandC,1416.52
P625,Product_625,Electronics,BrandA,931.64
P626,Product_626,Furniture,BrandA,1372.45
P627,Product_627,Apparel,BrandB,1392.43
P628,Product_628,Apparel,BrandB,383.16
P629,Product_629,Electronics,BrandC,1424.33
P630,Product_630,Appliances,BrandC,497.99
P631,Product_631,Furniture,BrandA,1444.73
P632,Product_632,Furniture,BrandB,842.25
P633,Product_633,Apparel,BrandB,94.18
P634,Product_634,Furniture,BrandC,252.89
P635,Product_635,Apparel,BrandA,132.17
P636,Product_636,Electronics,BrandA,440.85
P637,Product_637,Apparel,BrandA,264.99
P638,Product_638,Appliances,BrandB,1018.41
P639,Product_639,Electronics,BrandA,1148.32
P640,Product_640,Appliances,BrandA,1038.75
P641,Product_641,Furniture,BrandA,1420.45
P642,Product_642,Furniture,BrandA,651.36
P643,Product_643,Furniture,BrandB,977.06
P644,Product_644,Electronics,BrandA,891.97
P645,Product_645,Electronics,BrandB,1386.47
P646,Product_646,Furniture,BrandB,1372.48
P647,Product_647,Apparel,BrandC,787.72
P648,Product_648,Electronics,BrandC,129.02
P649,Product_649,Furniture,BrandA,521.14
P650,Product_650,Furniture,BrandB,650.49
P651,Product_651,Furniture,BrandB,1410.02
P652,Product_652,Electronics,BrandC,728.98
P653,Product_653,Furniture,BrandB,860.35
P654,Product_654,Apparel,BrandA,585.99
P655,Product_655,Furniture,BrandB,197.69
P656,Product_656,Electronics,BrandB,470.8
P657,Product_657,Appliances,BrandA,1380.51
P658,Product_658,Appliances,BrandB,276.13
P659,Product_659,Apparel,BrandB,1329.41
P660,Product_660,Apparel,BrandB,1171.29
P661,Product_661,Appliances,BrandB,317.26
P662,Product_662,Furniture,BrandA,326.01
P663,Product_663,Furniture,BrandA,1455.08
P664,Product_664,Appliances,BrandA,1052.98
P665,Product_665,Appliances,BrandA,138.85
P666,Product_666,Apparel,BrandC,593.7
P667,Product_667,Apparel,BrandB,997.49
P668,Product_668,Appliances,BrandA,174.24
P669,Product_669,Furniture,BrandC,562.37
P670,Product_670,Appliances,BrandA,409.09
P671,Product_671,Electronics,BrandC,340.16
P672,Product_672,Apparel,BrandA,1278.99
P673,Product_673,Appliances,BrandC,1163.85
P674,Product_674,Furniture,BrandA,1280.69
P675,Product_675,Apparel,BrandA,1175.4
P676,Product_676,Appliances,BrandA,768.75
P677,Product_677,Electronics,BrandC,350.04
P678,Product_678,Electronics,BrandC,806.34
P679,Product_679,Appliances,BrandC,322.41
P680,Product_680,Furniture,BrandB,784.2
P681,Product_681,Furniture,BrandA,979.89
P682,Product_682,Appliances,BrandA,432.86
P683,Product_683,Electronics,BrandA,1035.13
P684,Product_684,Apparel,BrandA,427.04
P685,Product_685,Apparel,BrandB,961.08
P686,Product_686,Furniture,BrandC,1428.84
P687,Product_687,Furniture,BrandB,961.74
P688,Product_688,Appliances,BrandB,736.28
P689,Product_689,Electronics,BrandC,319.87
P690,Product_690,Electronics,BrandB,344.55
P691,Product_691,Electronics,BrandA,1292.0
P692,Product_692,Appliances,BrandA,222.95
P693,Product_693,Furniture,BrandA,832.13
P694,Product_694,Apparel,BrandA,62.13
P695,Product_695,Apparel,BrandA,521.88
P696,Product_696,Apparel,BrandC,720.47
P697,Product_697,Furniture,BrandB,786.13
P698,Product_698,Electronics,BrandB,490.29
P699,Product_699,Furniture,BrandB,900.54
P700,Product_700,Apparel,BrandB,369.46
P701,Product_701,Apparel,BrandB,160.84
P702,Product_702,Apparel,BrandC,515.36
P703,Product_703,Apparel,BrandB,734.45
P704,Product_704,Apparel,BrandB,1364.92
P705,Product_705,Appliances,BrandA,101.3
P706,Product_706,Appliances,BrandB,1193.79
P707,Product_707,Furniture,BrandC,161.97
P708,Product_708,Appliances,BrandC,465.49
P709,Product_709,Appliances,BrandC,415.81
P710,Product_710,Furniture,BrandC,516.43
P711,Product_711,Apparel,BrandC,715.12
P712,Product_712,Electronics,BrandA,138.31
P713,Product_713,Appliances,BrandA,378.29
P714,Product_714,Appliances,BrandA,381.23
P715,Product_715,Electronics,BrandA,934.37
P716,Product_716,Apparel,BrandA,760.65
P717,Product_717,Furniture,BrandB,918.36
P718,Product_718,Electronics,BrandB,1026.81
P719,Product_719,Appliances,BrandC,681.36
P720,Product_720,Appliances,BrandB,838.05
P721,Product_721,Appliances,BrandA,818.45
P722,Product_722,Electronics,BrandB,412.32
P723,Product_723,Appliances,BrandB,774.64
P724,Product_724,Apparel,BrandC,1231.37
P725,Product_725,Appliances,BrandC,786.76
P726,Product_726,Electronics,BrandC,846.31
P727,Product_727,Appliances,BrandC,554.79
P728,Product_728,Electronics,BrandC,237.83
P729,Product_729,Electronics,BrandC,492.41
P730,Product_730,Furniture,BrandB,1048.04
P731,Product_731,Furniture,BrandB,1200.79
P732,Product_732,Electronics,BrandA,106.07
P733,Product_733,Appliances,BrandC,427.89
P734,Product_734,Furniture,BrandB,1117.43
P735,Product_735,Appliances,BrandB,1240.03
P736,Product_736,Furniture,BrandB,701.72
P737,Product_737,Apparel,BrandA,422.91
P738,Product_738,Apparel,BrandB,478.21
P739,Product_739,Electronics,BrandA,1423.11
P740,Product_740,Electronics,BrandB,448.64
P741,Product_741,Electronics,BrandA,592.15
P742,Product_742,Furniture,BrandB,1289.8
P743,Product_743,Electronics,BrandC,1220.12
P744,Product_744,Apparel,BrandA,1148.44
P745,Product_745,Electronics,BrandB,292.81
P746,Product_746,Electronics,BrandB,932.8
P747,Product_747,Furniture,BrandC,1240.23
P748,Product_748,Furniture,BrandB,400.61
P749,Product_749,Furniture,BrandB,726.9
P750,Product_750,Electronics,BrandB,509.76
P751,Product_751,Electronics,BrandB,1196.11
P752,Product_752,Furniture,BrandB,928.58
P753,Product_753,Apparel,BrandA,937.89
P754,Product_754,Appliances,BrandC,723.64
P755,Product_755,Appliances,BrandA,1110.61
P756,Product_756,Appliances,BrandA,427.75
P757,Product_757,Appliances,BrandC,392.55
P758,Product_758,Furniture,BrandA,261.43
P759,Product_759,Apparel,BrandC,34.94
P760,Product_760,Furniture,BrandA,1476.73
P761,Product_761,Appliances,BrandB,120.09
P762,Product_762,Appliances,BrandB,466.89
P763,Product_763,Furniture,BrandB,449.93
P764,Product_764,Electronics,BrandA,1284.53
P765,Product_765,Furniture,BrandC,1360.5
P766,Product_766,Apparel,BrandA,460.05
P767,Product_767,Apparel,BrandA,102.57
P768,Product_768,Appliances,BrandC,977.95
P769,Product_769,Electronics,BrandB,1490.19
P770,Product_770,Appliances,BrandA,1373.01
P771,Product_771,Furniture,BrandA,99.38
P772,Product_772,Appliances,BrandA,630.13
P773,Product_773,Apparel,BrandA,486.52
P774,Product_774,Electronics,BrandB,59.15
P775,Product_775,Appliances,BrandC,206.6
P776,Product_776,Appliances,BrandB,153.67
P777,Product_777,Appliances,BrandB,692.84
P778,Product_778,Electronics,BrandA,268.98
P779,Product_779,Furniture,BrandC,518.61
P780,Product_780,Electronics,BrandA,11.5
P781,Product_781,Apparel,BrandA,10.8
P782,Product_782,Electronics,BrandB,1157.93
P783,Product_783,Furniture,BrandC,1201.42
P784,Product_784,Apparel,BrandA,613.15
P785,Product_785,Electronics,BrandC,1498.66
P786,Product_786,Electronics,BrandB,418.0
P787,Product_787,Appliances,BrandC,438.37
P788,Product_788,Appliances,BrandC,769.2
P789,Product_789,Appliances,BrandB,288.99
P790,Product_790,Furniture,BrandB,176.42
P791,Product_791,Furniture,BrandB,502.57
P792,Product_792,Apparel,BrandA,538.22
P793,Product_793,Appliances,BrandB,1385.17
P794,Product_794,Appliances,BrandA,442.07
P795,Product_795,Appliances,BrandA,1275.6
P796,Product_796,Appliances,BrandA,119.7
P797,Product_797,Furniture,BrandA,1220.63
P798,Product_798,Apparel,BrandA,1196.18
P799,Product_799,Appliances,BrandC,80.88
P800,Product_800,Appliances,BrandA,746.77
P801,Product_801,Electronics,BrandB,752.61
P802,Product_802,Appliances,BrandC,424.28
P803,Product_803,Apparel,BrandB,747.33
P804,Product_804,Furniture,BrandC,607.71
P805,Product_805,Electronics,BrandC,179.77
P806,Product_806,Furniture,BrandB,1334.42
P807,Product_807,Electronics,BrandA,335.89
P808,Product_808,Furniture,BrandA,196.25
P809,Product_809,Electronics,BrandA,1346.14
P810,Product_810,Apparel,BrandA,433.18
P811,Product_811,Apparel,BrandB,1262.55
P812,Product_812,Electronics,BrandA,1420.76
P813,Product_813,Apparel,BrandA,108.97
P814,Product_814,Electronics,BrandA,210.28
P815,Product_815,Electronics,BrandB,1426.87
P816,Product_816,Electronics,BrandC,524.89
P817,Product_817,Apparel,BrandA,1230.69
P818,Product_818,Furniture,BrandC,880.15
P819,Product_819,Apparel,BrandC,382.07
P820,Product_820,Electronics,BrandB,1408.51
P821,Product_821,Furniture,BrandC,646.56
P822,Product_822,Apparel,BrandA,1110.56
P823,Product_823,Electronics,BrandA,1328.21
P824,Product_824,Furniture,BrandC,479.99
P825,Product_825,Furniture,BrandC,568.86
P826,Product_826,Apparel,BrandB,748.91
P827,Product_827,Apparel,BrandA,1137.34
P828,Product_828,Furniture,BrandB,265.44
P829,Product_829,Appliances,BrandB,583.58
P830,Product_830,Apparel,BrandA,1425.9
P831,Product_831,Apparel,BrandC,507.05
P832,Product_832,Apparel,BrandB,1323.96
P833,Product_833,Electronics,BrandA,245.92
P834,Product_834,Electronics,BrandB,336.69
P835,Product_835,Electronics,BrandC,108.83
P836,Product_836,Appliances,BrandC,256.58
P837,Product_837,Furniture,BrandC,501.26
P838,Product_838,Electronics,BrandA,672.88
P839,Product_839,Apparel,BrandA,1024.51
P840,Product_840,Furniture,BrandA,941.86
P841,Product_841,Electronics,BrandC,857.76
P842,Product_842,Apparel,BrandB,545.93
P843,Product_843,Apparel,BrandA,742.18
P844,Product_844,Electronics,BrandB,151.26
P845,Product_845,Apparel,BrandA,1210.66
P846,Product_846,Furniture,BrandB,443.04
P847,Product_847,Appliances,BrandB,238.34
P848,Product_848,Apparel,BrandA,38.12
P849,Product_849,Appliances,BrandA,384.35
P850,Product_850,Furniture,BrandA,73.65
P851,Product_851,Appliances,BrandB,1258.8
P852,Product_852,Appliances,BrandB,666.26
P853,Product_853,Furniture,BrandB,657.55
P854,Product_854,Electronics,BrandC,271.02
P855,Product_855,Furniture,BrandB,1141.24
P856,Product_856,Furniture,BrandC,1005.5
P857,Product_857,Apparel,BrandC,501.57
P858,Product_858,Electronics,BrandA,107.85
P859,Product_859,Furniture,BrandC,645.79
P860,Product_860,Furniture,BrandA,984.54
P861,Product_861,Apparel,BrandA,20.82
P862,Product_862,Furniture,BrandB,1056.81
P863,Product_863,Furniture,BrandB,810.64
P864,Product_864,Appliances,BrandB,1263.24
P865,Product_865,Electronics,BrandC,1093.2
P866,Product_866,Electronics,BrandC,1131.61
P867,Product_867,Electronics,BrandA,1079.84
P868,Product_868,Apparel,BrandA,530.63
P869,Product_869,Apparel,BrandA,270.35
P870,Product_870,Apparel,BrandB,1139.91
P871,Product_871,Apparel,BrandA,160.73
P872,Product_872,Appliances,BrandA,1046.07
P873,Product_873,Apparel,BrandB,617.61
P874,Product_874,Appliances,BrandB,1268.12
P875,Product_875,Furniture,BrandC,1461.81
P876,Product_876,Furniture,BrandC,244.7
P877,Product_877,Electronics,BrandC,75.03
P878,Product_878,Furniture,BrandC,1365.9
P879,Product_879,Apparel,BrandA,286.05
P880,Product_880,Apparel,BrandC,86.24
P881,Product_881,Furniture,BrandA,1497.88
P882,Product_882,Appliances,BrandA,516.45
P883,Product_883,Apparel,BrandA,527.51
P884,Product_884,Furniture,BrandB,762.76
P885,Product_885,Apparel,BrandC,1051.13
P886,Product_886,Apparel,BrandA,397.9
P887,Product_887,Apparel,BrandA,85.54
P888,Product_888,Electronics,BrandC,273.68
P889,Product_889,Electronics,BrandB,114.66
P890,Product_890,Apparel,BrandB,204.24
P891,Product_891,Apparel,BrandC,111.09
P892,Product_892,Electronics,BrandB,542.72
P893,Product_893,Electronics,BrandB,188.49
P894,Product_894,Electronics,BrandC,1188.92
P895,Product_895,Apparel,BrandC,277.74
P896,Product_896,Electronics,BrandA,127.27
P897,Product_897,Apparel,BrandA,1048.81
P898,Product_898,Appliances,BrandA,652.66
P899,Product_899,Apparel,BrandC,1003.06
P900,Product_900,Appliances,BrandA,385.16
P901,Product_901,Appliances,BrandB,779.62
P902,Product_902,Apparel,BrandB,592.04
P903,Product_903,Furniture,BrandC,176.45
P904,Product_904,Electronics,BrandB,778.83
P905,Product_905,Furniture,BrandA,405.48
P906,Product_906,Electronics,BrandA,719.53
P907,Product_907,Furniture,BrandA,285.5
P908,Product_908,Furniture,BrandB,931.14
P909,Product_909,Appliances,BrandA,867.85
P910,Product_910,Furniture,BrandB,1278.59
P911,Product_911,Apparel,BrandA,1409.53
P912,Product_912,Electronics,BrandB,1266.87
P913,Product_913,Apparel,BrandC,1059.07
P914,Product_914,Apparel,BrandC,621.15
P915,Product_915,Apparel,BrandB,758.2
P916,Product_916,Electronics,BrandA,601.47
P917,Product_917,Electronics,BrandA,141.41
P918,Product_918,Appliances,BrandC,638.09
P919,Product_919,Appliances,BrandA,1065.1
P920,Product_920,Furniture,BrandA,945.55
P921,Product_921,Furniture,BrandB,1020.58
P922,Product_922,Electronics,BrandA,875.91
P923,Product_923,Apparel,BrandA,1499.1
P924,Product_924,Appliances,BrandC,522.56
P925,Product_925,Electronics,BrandB,1362.6
P926,Product_926,Furniture,BrandA,616.2
P927,Product_927,Electronics,BrandC,229.84
P928,Product_928,Furniture,BrandA,405.88
P929,Product_929,Electronics,BrandA,58.89
P930,Product_930,Appliances,BrandA,214.54
P931,Product_931,Furniture,BrandC,1142.08
P932,Product_932,Apparel,BrandA,1068.99
P933,Product_933,Furniture,BrandA,834.96
P934,Product_934,Appliances,BrandA,315.71
P935,Product_935,Electronics,BrandC,46.16
P936,Product_936,Electronics,BrandA,876.96
P937,Product_937,Electronics,BrandB,812.74
P938,Product_938,Appliances,BrandB,1060.57
P939,Product_939,Furniture,BrandA,99.1
P940,Product_940,Apparel,BrandC,702.68
P941,Product_941,Apparel,BrandA,1155.25
P942,Product_942,Appliances,BrandB,1000.39
P943,Product_943,Furniture,BrandB,1470.54
P944,Product_944,Electronics,BrandA,925.92
P945,Product_945,Apparel,BrandB,603.94
P946,Product_946,Apparel,BrandA,661.18
P947,Product_947,Appliances,BrandA,767.17
P948,Product_948,Electronics,BrandA,1248.73
P949,Product_949,Furniture,BrandC,526.83
P950,Product_950,Appliances,BrandC,283.33
P951,Product_951,Electronics,BrandB,95.32
P952,Product_952,Appliances,BrandC,1148.64
P953,Product_953,Appliances,BrandB,1419.53
P954,Product_954,Appliances,BrandA,411.43
P955,Product_955,Furniture,BrandC,703.7
P956,Product_956,Apparel,BrandB,802.76
P957,Product_957,Furniture,BrandC,64.75
P958,Product_958,Appliances,BrandC,35.16
P959,Product_959,Appliances,BrandB,711.69
P960,Product_960,Appliances,BrandB,644.2
P961,Product_961,Apparel,BrandB,523.55
P962,Product_962,Apparel,BrandC,237.89
P963,Product_963,Appliances,BrandA,120.08
P964,Product_964,Furniture,BrandA,1202.3
P965,Product_965,Furniture,BrandB,1393.97
P966,Product_966,Electronics,BrandA,360.6
P967,Product_967,Appliances,BrandB,160.64
P968,Product_968,Apparel,BrandB,417.66
P969,Product_969,Electronics,BrandB,202.29
P970,Product_970,Furniture,BrandC,944.26
P971,Product_971,Appliances,BrandC,1494.23
P972,Product_972,Furniture,BrandB,1326.43
P973,Product_973,Apparel,BrandC,434.98
P974,Product_974,Electronics,BrandB,332.03
P975,Product_975,Apparel,BrandC,1303.39
P976,Product_976,Appliances,BrandA,824.77
P977,Product_977,Furniture,BrandA,776.09
P978,Product_978,Furniture,BrandB,1470.53
P979,Product_979,Electronics,BrandA,613.75
P980,Product_980,Apparel,BrandB,95.21
P981,Product_981,Furniture,BrandB,1100.92
P982,Product_982,Appliances,BrandA,886.63
P983,Product_983,Appliances,BrandC,174.48
P984,Product_984,Furniture,BrandA,1138.13
P985,Product_985,Apparel,BrandB,55.98
P986,Product_986,Appliances,BrandA,1091.93
P987,Product_987,Furniture,BrandC,1350.89
P988,Product_988,Apparel,BrandC,207.19
P989,Product_989,Electronics,BrandA,576.53
P990,Product_990,Appliances,BrandA,1078.32
P991,Product_991,Apparel,BrandB,46.99
P992,Product_992,Apparel,BrandA,837.02
P993,Product_993,Furniture,BrandC,592.28
P994,Product_994,Apparel,BrandC,1459.5
P995,Product_995,Electronics,BrandC,63.2
P996,Product_996,Appliances,BrandB,474.67
P997,Product_997,Electronics,BrandC,1424.18
P998,Product_998,Furniture,BrandC,1420.2
P999,Product_999,Appliances,BrandC,878.57
P1000,Product_1000,Furniture,BrandC,410.93
P001,Ultra-Slim Laptop,Electronics,TechCorp,1150.0
