customer_id,first_name,last_name,email,signup_date,country
1000,Wpzlua,Qchpsdt,wpzlua.qchpsdt@example.com,2023-08-04,India
1001,Yzmkov,Ipkxivi,yzmkov.ipkxivi@example.com,2022-04-10,USA
1002,Ptxukr,Iqgqdya,ptxukr.iqgqdya@example.com,2021-03-05,Germany
1003,Yycyro,Lzxnaca,yycyro.lzxnaca@example.com,2024-11-22,Canada
1004,Zuxvxc,Aazelpw,zuxvxc.aazelpw@example.com,2021-10-06,India
1005,Rcuftr,Kxdrhak,rcuftr.kxdrhak@example.com,2023-11-25,UK
1006,Amoztr,Lqmeces,amoztr.lqmeces@example.com,2022-04-02,Germany
1007,Gxpgff,Owcqbwe,gxpgff.owcqbwe@example.com,2022-11-26,Canada
1008,Ncjmjb,Oibpawo,ncjmjb.oibpawo@example.com,2021-03-20,USA
1009,Yktmgv,Ffmcriz,yktmgv.ffmcriz@example.com,2021-05-12,UK
1010,Phizna,Pmydxcm,phizna.pmydxcm@example.com,2022-07-18,USA
1011,Oetkwu,Obltqwn,oetkwu.obltqwn@example.com,2024-10-21,Germany
1012,Rldvxq,Dbapjbc,rldvxq.dbapjbc@example.com,2022-11-13,India
1013,Qmlskh,Ejpwwfq,qmlskh.ejpwwfq@example.com,2021-05-24,USA
1014,Izkjsf,Vvjucem,izkjsf.vvjucem@example.com,2022-11-01,UK
1015,Lmwzen,Yhzvacg,lmwzen.yhzvacg@example.com,2023-12-24,India
1016,Iccnre,Omrnwjt,iccnre.omrnwjt@example.com,2023-09-15,UK
1017,Giyasq,Mfkgega,giyasq.mfkgega@example.com,2023-12-14,Germany
1018,Xesbzu,Ibvbiwb,xesbzu.ibvbiwb@example.com,2020-03-28,USA
1019,Bflgxa,Dgagtig,bflgxa.dgagtig@example.com,2021-10-12,Germany
1020,Wreoml,Bimxtky,wreoml.bimxtky@example.com,2024-01-18,India
1021,Qkjtel,Solpfja,qkjtel.solpfja@example.com,2024-09-07,UK
1022,Cxvomz,Wvkcjnv,cxvomz.wvkcjnv@example.com,2023-09-26,Germany
1023,Tsfaxe,Omzpiio,tsfaxe.omzpiio@example.com,2020-09-23,UK
1024,Nstuuk,Eyfccby,nstuuk.eyfccby@example.com,2020-07-26,Germany
1025,Xccwge,Mretqyz,xccwge.mretqyz@example.com,2021-06-05,USA
1026,Fhunbz,Gbqsvwf,fhunbz.gbqsvwf@example.com,2023-11-06,India
1027,Bhygjh,Nqegems,bhygjh.nqegems@example.com,2022-05-27,Canada
1028,Tzbsfn,Vmmyeda,tzbsfn.vmmyeda@example.com,2020-06-28,USA
1029,Zmlfoc,Cmvdshl,zmlfoc.cmvdshl@example.com,2020-03-22,India
1030,Wffnjm,Ulffdyq,wffnjm.ulffdyq@example.com,2022-08-08,USA
1031,Rreuce,Afacuib,rreuce.afacuib@example.com,2022-01-27,India
1032,Lrybxw,Tssztsl,lrybxw.tssztsl@example.com,2024-08-13,UK
1033,Fmjtlb,Wplosgk,fmjtlb.wplosgk@example.com,2022-12-08,UK
1034,Pognxn,Utpuhvx,pognxn.utpuhvx@example.com,2020-06-23,India
1035,Rjqkjh,Qxnelta,rjqkjh.qxnelta@example.com,2022-02-25,USA
1036,Twysoj,Cpltszr,twysoj.cpltszr@example.com,2021-04-19,UK
1037,Awjbyh,Vwxbsnv,awjbyh.vwxbsnv@example.com,2021-02-09,UK
1038,Nuhrlm,Dyraekv,nuhrlm.dyraekv@example.com,2024-09-23,India
1039,Xhyqjn,Tynsoqd,xhyqjn.tynsoqd@example.com,2020-04-11,India
1040,Qnrhwz,Rnlizch,qnrhwz.rnlizch@example.com,2020-08-14,India
1041,Irjedk,Rgupsig,irjedk.rgupsig@example.com,2021-07-25,Germany
1042,Eqgmpi,Badwyca,eqgmpi.badwyca@example.com,2020-06-13,Germany
1043,Flsvuj,Ovjxech,flsvuj.ovjxech@example.com,2024-10-01,Canada
1044,Hegxtf,Aizkrpk,hegxtf.aizkrpk@example.com,2020-03-26,Germany
1045,Tcravm,Lzpidrb,tcravm.lzpidrb@example.com,2023-01-08,USA
1046,Garatc,Xjzjyox,garatc.xjzjyox@example.com,2022-11-08,USA
1047,Wakdmd,Nfphltq,wakdmd.nfphltq@example.com,2024-01-11,Canada
1048,Tunkkj,Qbaeyaf,tunkkj.qbaeyaf@example.com,2023-05-24,UK
1049,Nntgst,Lrhtqdh,nntgst.lrhtqdh@example.com,2020-02-17,India
1050,Fpkgnw,Kkovczi,fpkgnw.kkovczi@example.com,2021-06-07,UK
1051,Fdwvzu,Zglyhdm,fdwvzu.zglyhdm@example.com,2020-10-14,India
1052,Wqbdnn,Dfogxhc,wqbdnn.dfogxhc@example.com,2021-09-08,Germany
1053,Vegsfc,Lmthqze,vegsfc.lmthqze@example.com,2020-05-06,Germany
1054,Wigjms,Izqbspl,wigjms.izqbspl@example.com,2020-10-21,Germany
1055,Wfowaq,Mftyxbx,wfowaq.mftyxbx@example.com,2024-12-14,Canada
1056,Lnlvic,Gyjrnza,lnlvic.gyjrnza@example.com,2020-11-24,UK
1057,Xloclt,Rrlrniw,xloclt.rrlrniw@example.com,2024-04-03,Canada
1058,Ddrrst,Eayaqrt,ddrrst.eayaqrt@example.com,2023-10-17,USA
1059,Tincai,Lvsoyux,tincai.lvsoyux@example.com,2020-04-20,Canada
1060,Qwzoiz,Mwvsxfz,qwzoiz.mwvsxfz@example.com,2023-09-13,UK
1061,Puoazn,Fjfgyvg,puoazn.fjfgyvg@example.com,2020-04-10,Canada
1062,Jlcagr,Dkofiou,jlcagr.dkofiou@example.com,2020-10-17,USA
1063,Hyacnu,Bckiggk,hyacnu.bckiggk@example.com,2023-02-19,India
1064,Kneusw,Njvgulf,kneusw.njvgulf@example.com,2023-09-03,Canada
1065,Bbarrl,Hotksnl,bbarrl.hotksnl@example.com,2023-01-09,Germany
1066,Gutawy,Fpwxczv,gutawy.fpwxczv@example.com,2020-11-25,Germany
1067,Osqkwj,Kumkxpc,osqkwj.kumkxpc@example.com,2023-11-16,Germany
1068,Tmnatu,Cdrevwq,tmnatu.cdrevwq@example.com,2022-06-02,Germany
1069,Pipwut,Nvdkvib,pipwut.nvdkvib@example.com,2024-07-09,UK
1070,Lbfzkx,Szirqmb,lbfzkx.szirqmb@example.com,2022-09-09,Germany
1071,Pzvdfk,Jclfpnb,pzvdfk.jclfpnb@example.com,2021-03-21,UK
1072,Ysmwbs,Dwifsnf,ysmwbs.dwifsnf@example.com,2021-09-25,Canada
1073,Pamysk,Lvrqrnc,pamysk.lvrqrnc@example.com,2023-03-12,Canada
1074,Mpktjz,Yrngpdp,mpktjz.yrngpdp@example.com,2022-10-28,India
1075,Hbqljt,Fwzbxrl,hbqljt.fwzbxrl@example.com,2020-07-06,Germany
1076,Malnyr,Koxrbnw,malnyr.koxrbnw@example.com,2020-08-12,USA
1077,Bgnexg,Lwjegok,bgnexg.lwjegok@example.com,2024-01-19,UK
1078,Arurgo,Rmmxrbe,arurgo.rmmxrbe@example.com,2023-04-20,USA
1079,Qxnmbk,Hszlgcu,qxnmbk.hszlgcu@example.com,2024-06-18,India
1080,Exihrf,Ywppusu,exihrf.ywppusu@example.com,2022-07-22,USA
1081,Mjxapb,Ppywqqn,mjxapb.ppywqqn@example.com,2024-10-09,India
1082,Oemnnw,Xukkdiq,oemnnw.xukkdiq@example.com,2020-06-20,India
1083,Ajjzky,Iqstlfk,ajjzky.iqstlfk@example.com,2022-05-11,India
1084,Tjzams,Enaspsp,tjzams.enaspsp@example.com,2021-05-21,UK
1085,Mxtxww,Ectvkni,mxtxww.ectvkni@example.com,2022-09-01,India
1086,Lsddiv,Pruayvp,lsddiv.pruayvp@example.com,2024-12-08,UK
1087,Bninwi,Toafiee,bninwi.toafiee@example.com,2022-12-26,Canada
1088,Mbojcl,Fnjcpux,mbojcl.fnjcpux@example.com,2022-01-19,Canada
1089,Ntyqvm,Ertiark,ntyqvm.ertiark@example.com,2024-03-04,USA
1090,Ujdhgc,Wlucemy,ujdhgc.wlucemy@example.com,2020-02-20,India
1091,Wmgbra,Ptsdebq,wmgbra.ptsdebq@example.com,2021-02-07,USA
1092,Olyiau,Wjhbgwd,olyiau.wjhbgwd@example.com,2023-05-21,India
1093,Zbxlne,Hlfkxvj,zbxlne.hlfkxvj@example.com,2024-11-20,USA
1094,Piyimi,Vcslbrv,piyimi.vcslbrv@example.com,2024-04-26,USA
1095,Satsxe,Taunsps,satsxe.taunsps@example.com,2020-09-13,Germany
1096,Eizdbf,Fnjpclb,eizdbf.fnjpclb@example.com,2021-07-18,USA
1097,Xvlyst,Vnpkjqe,xvlyst.vnpkjqe@example.com,2024-12-14,Canada
1098,Cwdkzk,Oumqaki,cwdkzk.oumqaki@example.com,2023-07-03,UK
1099,Umoofq,Eukzqkc,umoofq.eukzqkc@example.com,2023-11-18,UK
1100,Glvnud,Prcxzwa,glvnud.prcxzwa@example.com,2021-07-08,India
1101,Pvwnam,Tselttg,pvwnam.tselttg@example.com,2024-11-25,USA
1102,Ehwbao,Kdvzghx,ehwbao.kdvzghx@example.com,2022-12-09,Canada
1103,Jdmjgn,Ttmyjib,jdmjgn.ttmyjib@example.com,2022-09-17,Canada
1104,Oefepb,Yupijhb,oefepb.yupijhb@example.com,2022-02-16,USA
1105,Bcojih,Wjlrngd,bcojih.wjlrngd@example.com,2024-04-04,Germany
1106,Ucdccy,Hlwrlof,ucdccy.hlwrlof@example.com,2023-08-10,India
1107,Qdqizy,Qnupnvl,qdqizy.qnupnvl@example.com,2022-05-17,India
1108,Yqwiby,Jcilezr,yqwiby.jcilezr@example.com,2021-10-21,Germany
1109,Lyxshk,Zlebhhx,lyxshk.zlebhhx@example.com,2020-03-05,UK
1110,Lxyaej,Wqqiyqh,lxyaej.wqqiyqh@example.com,2021-01-14,Germany
1111,Ykzetj,Mrnvxib,ykzetj.mrnvxib@example.com,2024-04-02,USA
1112,Gmhkfc,Ydvygky,gmhkfc.ydvygky@example.com,2024-06-15,India
1113,Xbfrwz,Dnqbzcw,xbfrwz.dnqbzcw@example.com,2021-05-03,Germany
1114,Swjqqi,Qbrwqnv,swjqqi.qbrwqnv@example.com,2024-12-20,Germany
1115,Yppflm,Ocxkbii,yppflm.ocxkbii@example.com,2024-02-22,USA
1116,Vomybh,Fgrqlob,vomybh.fgrqlob@example.com,2022-01-04,Germany
1117,Fuanwf,Gturfhz,fuanwf.gturfhz@example.com,2024-07-10,Canada
1118,Gnxhnm,Pbgzksp,gnxhnm.pbgzksp@example.com,2023-07-05,UK
1119,Vsvyms,Pcqcyxm,vsvyms.pcqcyxm@example.com,2022-05-20,Germany
1120,Embnzj,Oxmfedo,embnzj.oxmfedo@example.com,2020-08-09,USA
1121,Dqjhqe,Tzdkxsq,dqjhqe.tzdkxsq@example.com,2021-11-01,USA
1122,Uqvszj,Kccfbte,uqvszj.kccfbte@example.com,2023-02-15,USA
1123,Gzlzpp,Klmnevb,gzlzpp.klmnevb@example.com,2023-01-24,Germany
1124,Amlgrd,Baviavc,amlgrd.baviavc@example.com,2023-12-27,USA
1125,Ofcsra,Wkgifsq,ofcsra.wkgifsq@example.com,2020-10-21,UK
1126,Bxfhde,Qkbxagl,bxfhde.qkbxagl@example.com,2022-12-15,UK
1127,Xksyjh,Aipnvjy,xksyjh.aipnvjy@example.com,2023-07-26,UK
1128,Mujyfe,Ikfgidk,mujyfe.ikfgidk@example.com,2020-12-03,Canada
1129,Jqcfrg,Gimfzzd,jqcfrg.gimfzzd@example.com,2023-07-03,Germany
1130,Dzzdlf,Avnsjdq,dzzdlf.avnsjdq@example.com,2023-04-18,India
1131,Mctysk,Hzstktg,mctysk.hzstktg@example.com,2021-05-10,India
1132,Mbgyns,Uabdtub,mbgyns.uabdtub@example.com,2024-08-10,Canada
1133,Bcbzxv,Uemboqs,bcbzxv.uemboqs@example.com,2022-02-07,USA
1134,Pvljsv,Efbgxza,pvljsv.efbgxza@example.com,2020-10-14,Germany
1135,Qxtaho,Efovqiz,qxtaho.efovqiz@example.com,2021-04-13,UK
1136,Aiggri,Swkafez,aiggri.swkafez@example.com,2020-01-09,UK
1137,Zouajs,Wdnhtnd,zouajs.wdnhtnd@example.com,2023-10-01,Canada
1138,Guhrsf,Kojqrom,guhrsf.kojqrom@example.com,2023-04-09,UK
1139,Jlarvw,Fxinnwn,jlarvw.fxinnwn@example.com,2020-11-17,USA
1140,Mkfwaz,Klopwvj,mkfwaz.klopwvj@example.com,2021-01-06,USA
1141,Iicpxd,Ipjcecz,iicpxd.ipjcecz@example.com,2023-11-24,USA
1142,Amkolc,Vokvnqw,amkolc.vokvnqw@example.com,2021-02-04,USA
1143,Gdtxsz,Tabdknl,gdtxsz.tabdknl@example.com,2020-02-03,USA
1144,Neplul,Jxkfans,neplul.jxkfans@example.com,2024-01-07,Germany
1145,Xduhao,Qnorljc,xduhao.qnorljc@example.com,2023-11-09,UK
1146,Ixvujl,Uxiibqw,ixvujl.uxiibqw@example.com,2022-09-07,India
1147,Ivrkbw,Rxfdjcv,ivrkbw.rxfdjcv@example.com,2024-01-18,India
1148,Aptorn,Faqadma,aptorn.faqadma@example.com,2021-09-08,UK
1149,Pvmgzo,Vogxcmy,pvmgzo.vogxcmy@example.com,2022-05-09,UK
1150,Zhhhly,Vvxzhev,zhhhly.vvxzhev@example.com,2023-08-16,Canada
1151,Tppksz,Mlxooyx,tppksz.mlxooyx@example.com,2020-09-15,USA
1152,Ytfsfe,Jtufmul,ytfsfe.jtufmul@example.com,2020-10-18,India
1153,Nmukee,Ruwmhdu,nmukee.ruwmhdu@example.com,2022-12-26,USA
1154,Shmtvk,Mjrrede,shmtvk.mjrrede@example.com,2021-07-10,Canada
1155,Hlnsox,Bxbsppp,hlnsox.bxbsppp@example.com,2021-04-03,USA
1156,Ozgkro,Igrxnre,ozgkro.igrxnre@example.com,2023-07-22,Germany
1157,Ynbste,Lbbreua,ynbste.lbbreua@example.com,2020-09-22,USA
1158,Tnnxvn,Nwyavng,tnnxvn.nwyavng@example.com,2021-07-28,India
1159,Dsjezn,Jbnbevf,dsjezn.jbnbevf@example.com,2023-07-08,UK
1160,Nbmxes,Ivzaoke,nbmxes.ivzaoke@example.com,2021-02-20,Germany
1161,Rcumez,Qwtsqtq,rcumez.qwtsqtq@example.com,2023-02-18,UK
1162,Engkpg,Fngtipu,engkpg.fngtipu@example.com,2020-06-20,Canada
1163,Wlbgrr,Qqxncbh,wlbgrr.qqxncbh@example.com,2022-12-25,Germany
1164,Rfsqnr,Lqvkvof,rfsqnr.lqvkvof@example.com,2022-12-15,Canada
1165,Abaikm,Aankqdo,abaikm.aankqdo@example.com,2023-02-25,Germany
1166,Qhotuq,Hdotxhn,qhotuq.hdotxhn@example.com,2023-12-06,Canada
1167,Rqhugp,Vedqslm,rqhugp.vedqslm@example.com,2020-02-22,UK
1168,Hkktaq,Otasalr,hkktaq.otasalr@example.com,2022-11-07,Germany
1169,Kzitdj,Qaxlefj,kzitdj.qaxlefj@example.com,2020-02-17,Canada
1170,Bjvioh,Usrwtho,bjvioh.usrwtho@example.com,2020-02-03,USA
1171,Naqxvz,Fgmlzcu,naqxvz.fgmlzcu@example.com,2021-06-21,India
1172,Trmeat,Yyrwhbe,trmeat.yyrwhbe@example.com,2023-02-18,India
1173,Fwqyih,Uapsrin,fwqyih.uapsrin@example.com,2020-01-26,UK
1174,Purtps,Kniuxyd,purtps.kniuxyd@example.com,2023-02-19,UK
1175,Jbripa,Vqzxrtp,jbripa.vqzxrtp@example.com,2021-09-26,India
1176,Vvovid,Mpqjmss,vvovid.mpqjmss@example.com,2023-09-25,UK
1177,Dulbqi,Xjplqkn,dulbqi.xjplqkn@example.com,2023-11-03,Canada
1178,Msmbbi,Tztquwa,msmbbi.tztquwa@example.com,2022-09-05,Germany
1179,Mhrrmo,Secndxc,mhrrmo.secndxc@example.com,2021-04-02,UK
1180,Ftufio,Qklhrkk,ftufio.qklhrkk@example.com,2021-06-26,UK
1181,Wiqemu,Kyjxjvg,wiqemu.kyjxjvg@example.com,2021-01-13,USA
1182,Fikxwn,Opskpjy,fikxwn.opskpjy@example.com,2022-10-28,UK
1183,Luhdwy,Fqomwmc,luhdwy.fqomwmc@example.com,2023-02-26,Germany
1184,Keygbj,Paqzhbd,keygbj.paqzhbd@example.com,2024-01-02,Germany
1185,Kuhroh,Ayzzuod,kuhroh.ayzzuod@example.com,2024-10-17,Germany
1186,Lgbqat,Evksavq,lgbqat.evksavq@example.com,2021-06-21,India
1187,Hkdwll,Fawodla,hkdwll.fawodla@example.com,2020-01-08,Germany
1188,Qkjvqq,Jdcmaej,qkjvqq.jdcmaej@example.com,2020-07-11,UK
1189,Ewqvit,Kjujpre,ewqvit.kjujpre@example.com,2021-03-03,Canada
1190,Wdhthu,Hjclbku,wdhthu.hjclbku@example.com,2024-07-25,USA
1191,Dzpwmh,Xcodyci,dzpwmh.xcodyci@example.com,2020-04-24,India
1192,Njekog,Hpmixkc,njekog.hpmixkc@example.com,2022-05-23,Canada
1193,Qmytlh,Ekrpnjc,qmytlh.ekrpnjc@example.com,2020-01-21,India
1194,Dzbnvf,Isrigec,dzbnvf.isrigec@example.com,2020-07-21,Canada
1195,Ngmtsz,Kmdcxon,ngmtsz.kmdcxon@example.com,2022-08-27,Canada
1196,Lyrdrf,Jlunvmq,lyrdrf.jlunvmq@example.com,2023-12-13,UK
1197,Tpfftk,Bkbtnzc,tpfftk.bkbtnzc@example.com,2021-12-20,UK
1198,Zjflfw,Jvhmhpm,zjflfw.jvhmhpm@example.com,2022-10-15,USA
1199,Mqrnlf,Hhdrqnv,mqrnlf.hhdrqnv@example.com,2021-07-15,Canada
1200,Chlzhb,Hwguack,chlzhb.hwguack@example.com,2024-07-01,USA
1201,Vdypax,Vbisibx,vdypax.vbisibx@example.com,2024-08-16,Germany
1202,Bltqxw,Rxvjxsi,bltqxw.rxvjxsi@example.com,2024-10-16,UK
1203,Yjjlko,Lugruik,yjjlko.lugruik@example.com,2022-12-12,USA
1204,Lgfosb,Kjeetqo,lgfosb.kjeetqo@example.com,2021-11-18,India
1205,Qkjssr,Hfxvkzv,qkjssr.hfxvkzv@example.com,2023-07-10,Canada
1206,Sydtkp,Ctoohny,sydtkp.ctoohny@example.com,2020-01-22,India
1207,Mwxbmy,Jbbamjf,mwxbmy.jbbamjf@example.com,2022-09-15,USA
1208,Zcsekr,Mrrghzg,zcsekr.mrrghzg@example.com,2024-03-13,India
1209,Waxoht,Prpbahe,waxoht.prpbahe@example.com,2020-09-10,India
1210,Wndfov,Houvpmk,wndfov.houvpmk@example.com,2020-05-20,USA
1211,Bmgktd,Cnmnibo,bmgktd.cnmnibo@example.com,2023-07-28,USA
1212,Ovsyhy,Czkdswd,ovsyhy.czkdswd@example.com,2024-09-07,Canada
1213,Ylxzzh,Psaoisc,ylxzzh.psaoisc@example.com,2024-02-01,USA
1214,Tdkmdr,Zlytmeb,tdkmdr.zlytmeb@example.com,2022-02-14,USA
1215,Tzuare,Mgwhkhk,tzuare.mgwhkhk@example.com,2021-05-14,Germany
1216,Slanot,Dxiyrut,slanot.dxiyrut@example.com,2021-03-28,Canada
1217,Rvbvep,Damcaip,rvbvep.damcaip@example.com,2022-11-20,USA
1218,Vgzqir,Vilmqjq,vgzqir.vilmqjq@example.com,2022-04-21,USA
1219,Iasicg,Ybmyvvp,iasicg.ybmyvvp@example.com,2020-03-12,USA
1220,Ohktly,Oeviudd,ohktly.oeviudd@example.com,2022-08-20,Germany
1221,Yfcvti,Xpvqwsc,yfcvti.xpvqwsc@example.com,2022-04-11,USA
1222,Jdycnj,Bmuqvep,jdycnj.bmuqvep@example.com,2021-02-06,UK
1223,Swvjaj,Yslsbtw,swvjaj.yslsbtw@example.com,2022-10-18,USA
1224,Onmzeb,Eknhwir,onmzeb.eknhwir@example.com,2023-03-02,India
1225,Dadztk,Tayggts,dadztk.tayggts@example.com,2023-01-22,Germany
1226,Dwncoq,Nsshqlo,dwncoq.nsshqlo@example.com,2023-02-02,USA
1227,Hamors,Urafqnl,hamors.urafqnl@example.com,2021-10-19,Germany
1228,Kocrhb,Wqrqwsa,kocrhb.wqrqwsa@example.com,2022-06-11,Germany
1229,Bulyeh,Qnljewe,bulyeh.qnljewe@example.com,2020-01-13,UK
1230,Zknfss,Zchzxuc,zknfss.zchzxuc@example.com,2022-11-13,Germany
1231,Bwzjjl,Rngjowz,bwzjjl.rngjowz@example.com,2022-03-07,Canada
1232,Afprhv,Ahgrwsr,afprhv.ahgrwsr@example.com,2020-09-17,USA
1233,Iaawkh,Merpzta,iaawkh.merpzta@example.com,2023-08-21,UK
1234,Miujrf,Bhwrejt,miujrf.bhwrejt@example.com,2024-11-01,USA
1235,Yxmbdy,Fntdmpn,yxmbdy.fntdmpn@example.com,2021-08-12,USA
1236,Xzmlet,Hjloibz,xzmlet.hjloibz@example.com,2020-04-08,Canada
1237,Jkiubj,Eotnukd,jkiubj.eotnukd@example.com,2024-06-15,USA
1238,Icquhh,Ccokuvb,icquhh.ccokuvb@example.com,2024-11-09,Germany
1239,Ttpasc,Tpksvqt,ttpasc.tpksvqt@example.com,2023-11-26,USA
1240,Arzpxg,Xbcxhmj,arzpxg.xbcxhmj@example.com,2022-12-03,Germany
1241,Tsqfyw,Axbains,tsqfyw.axbains@example.com,2021-05-09,Germany
1242,Zuhqfl,Hgvrtzy,zuhqfl.hgvrtzy@example.com,2022-07-06,Germany
1243,Ammgbr,Qydxkdf,ammgbr.qydxkdf@example.com,2020-09-28,USA
1244,Heinto,Vaavyro,heinto.vaavyro@example.com,2021-07-13,Canada
1245,Wibesr,Dnurlnp,wibesr.dnurlnp@example.com,2021-05-03,Germany
1246,Pvswqc,Ciqkrqw,pvswqc.ciqkrqw@example.com,2024-04-15,Canada
1247,Ggnwhh,Vvjkxdl,ggnwhh.vvjkxdl@example.com,2023-04-07,USA
1248,Rxzvqt,Cwvrxcm,rxzvqt.cwvrxcm@example.com,2022-05-26,Canada
1249,Pmgcee,Afjhzos,pmgcee.afjhzos@example.com,2022-01-09,USA
1250,Azcgds,Aofspdo,azcgds.aofspdo@example.com,2021-04-15,Germany
1251,Fiksax,Zclexnl,fiksax.zclexnl@example.com,2024-01-22,Canada
1252,Oschwb,Trpmoyo,oschwb.trpmoyo@example.com,2023-09-18,UK
1253,Vqqiws,Rldfamu,vqqiws.rldfamu@example.com,2023-03-25,Germany
1254,Vnxnyc,Gcqrqdt,vnxnyc.gcqrqdt@example.com,2021-11-22,USA
1255,Aehjqm,Oqkjvwc,aehjqm.oqkjvwc@example.com,2020-02-28,UK
1256,Deiozp,Xelmodn,deiozp.xelmodn@example.com,2023-05-19,UK
1257,Yndvte,Gpzluiq,yndvte.gpzluiq@example.com,2024-10-01,USA
1258,Ewnzvm,Pmbhlnv,ewnzvm.pmbhlnv@example.com,2023-08-17,Germany
1259,Ntprws,Utgkjuf,ntprws.utgkjuf@example.com,2021-12-16,UK
1260,Txjvbv,Rwpdudd,txjvbv.rwpdudd@example.com,2023-08-17,UK
1261,Fbnbhh,Fqplyly,fbnbhh.fqplyly@example.com,2023-11-20,India
1262,Puzzpy,Iexnlze,puzzpy.iexnlze@example.com,2024-12-11,Germany
1263,Weymiv,Vribjme,weymiv.vribjme@example.com,2024-11-20,UK
1264,Rvkvym,Rjknjro,rvkvym.rjknjro@example.com,2023-10-21,Canada
1265,Pgfuyo,Krqckio,pgfuyo.krqckio@example.com,2022-05-24,Germany
1266,Phzyyz,Zblwpvg,phzyyz.zblwpvg@example.com,2023-09-08,UK
1267,Yftiyx,Jdkxgrz,yftiyx.jdkxgrz@example.com,2024-05-28,Canada
1268,Wcqhwb,Aqcnlvr,wcqhwb.aqcnlvr@example.com,2024-02-09,UK
1269,Wmvoxf,Tzwibxk,wmvoxf.tzwibxk@example.com,2021-03-16,Canada
1270,Vvfqmc,Bwmybaa,vvfqmc.bwmybaa@example.com,2021-05-19,UK
1271,Mfuocb,Nfwjkij,mfuocb.nfwjkij@example.com,2024-08-20,Canada
1272,Qyizvk,Btlezep,qyizvk.btlezep@example.com,2024-10-10,India
1273,Tnciyx,Vafrglx,tnciyx.vafrglx@example.com,2023-12-10,UK
1274,Uzqcld,Hqwoqxb,uzqcld.hqwoqxb@example.com,2024-01-26,India
1275,Lapjlf,Wtzryfy,lapjlf.wtzryfy@example.com,2020-11-06,UK
1276,Jtnmnz,Vstgxjl,jtnmnz.vstgxjl@example.com,2024-11-17,Germany
1277,Myrdny,Zkcmpey,myrdny.zkcmpey@example.com,2024-02-22,Germany
1278,Uopndg,Xwrcpww,uopndg.xwrcpww@example.com,2024-02-13,India
1279,Ziejow,Ectpjyw,ziejow.ectpjyw@example.com,2020-01-04,UK
1280,Xdjjgb,Ymlxijf,xdjjgb.ymlxijf@example.com,2023-06-08,UK
1281,Sacdex,Mwflavs,sacdex.mwflavs@example.com,2024-01-09,India
1282,Egtrqu,Udjdzhq,egtrqu.udjdzhq@example.com,2023-05-18,UK
1283,Kjifkm,Yqnvsnm,kjifkm.yqnvsnm@example.com,2021-10-06,India
1284,Kivuyw,Wrlitlt,kivuyw.wrlitlt@example.com,2020-03-25,USA
1285,Iunxig,Shyldby,iunxig.shyldby@example.com,2024-11-11,India
1286,Scuzer,Xeflduj,scuzer.xeflduj@example.com,2022-08-08,Canada
1287,Nbgttq,Tqsaezb,nbgttq.tqsaezb@example.com,2021-12-04,UK
1288,Nifzdt,Ywemryp,nifzdt.ywemryp@example.com,2020-12-17,UK
1289,Uerjth,Wemppjf,uerjth.wemppjf@example.com,2023-02-12,USA
1290,Ysexob,Dmmdvqi,ysexob.dmmdvqi@example.com,2023-07-04,Canada
1291,Kjcqbi,Ucrcoaw,kjcqbi.ucrcoaw@example.com,2020-05-01,Germany
1292,Vdrfni,Gtzjdpt,vdrfni.gtzjdpt@example.com,2022-04-08,Canada
1293,Tylrhj,Iztueah,tylrhj.iztueah@example.com,2020-10-03,Germany
1294,Hnkryo,Vnzlycm,hnkryo.vnzlycm@example.com,2022-02-24,UK
1295,Thwejf,Xohxlkf,thwejf.xohxlkf@example.com,2021-10-22,USA
1296,Ngkngv,Nwluvri,ngkngv.nwluvri@example.com,2020-01-19,UK
1297,Hbylgz,Hzipjji,hbylgz.hzipjji@example.com,2024-06-22,India
1298,Dbzxeg,Atewvqu,dbzxeg.atewvqu@example.com,2021-11-09,India
1299,Xalbga,Ersepng,xalbga.ersepng@example.com,2023-07-21,UK
1300,Tzaxuj,Vpqgnnq,tzaxuj.vpqgnnq@example.com,2022-01-23,Canada
1301,Ardaju,Xipijrq,ardaju.xipijrq@example.com,2021-10-12,UK
1302,Ejkpxi,Ikigmdy,ejkpxi.ikigmdy@example.com,2023-06-19,Germany
1303,Bdpblg,Wolfvpx,bdpblg.wolfvpx@example.com,2023-05-22,UK
1304,Iybqnn,Mhwztqk,iybqnn.mhwztqk@example.com,2020-07-04,UK
1305,Nmdfss,Crgebxe,nmdfss.crgebxe@example.com,2024-09-10,USA
1306,Wvznge,Ktbndcx,wvznge.ktbndcx@example.com,2024-05-03,USA
1307,Scwrwb,Ragswff,scwrwb.ragswff@example.com,2020-07-15,Germany
1308,Qibwyz,Gfjoewh,qibwyz.gfjoewh@example.com,2021-12-04,Canada
1309,Sfiuff,Rgxsiis,sfiuff.rgxsiis@example.com,2024-06-14,Germany
1310,Whjnfh,Oyvpykp,whjnfh.oyvpykp@example.com,2024-04-08,UK
1311,Cawuin,Tfmlimi,cawuin.tfmlimi@example.com,2024-03-10,Canada
1312,Wdwlpg,Yafnhjd,wdwlpg.yafnhjd@example.com,2022-04-27,UK
1313,Neonby,Wylcura,neonby.wylcura@example.com,2023-05-10,Canada
1314,Sehtht,Pjxzrms,sehtht.pjxzrms@example.com,2021-02-10,Germany
1315,Adnqqw,Zpqfvlj,adnqqw.zpqfvlj@example.com,2020-02-16,Canada
1316,Somopy,Kcnlljx,somopy.kcnlljx@example.com,2024-02-16,UK
1317,Isxewd,Tkdyzcj,isxewd.tkdyzcj@example.com,2021-09-11,UK
1318,Getivq,Easuvjf,getivq.easuvjf@example.com,2023-04-24,Germany
1319,Wyvlci,Kyhludj,wyvlci.kyhludj@example.com,2022-09-23,UK
1320,Lnkcnh,Gmggkbf,lnkcnh.gmggkbf@example.com,2023-11-18,Germany
1321,Shmxrb,Daxkxrd,shmxrb.daxkxrd@example.com,2021-06-03,Canada
1322,Umthky,Enkejqx,umthky.enkejqx@example.com,2024-06-28,Germany
1323,Sbzmgy,Cyfssje,sbzmgy.cyfssje@example.com,2023-07-03,Canada
1324,Onacjd,Akfezsu,onacjd.akfezsu@example.com,2023-07-17,Canada
1325,Gqgnjq,Iyfhfmy,gqgnjq.iyfhfmy@example.com,2024-04-26,India
1326,Mixowq,Ahmkmlo,mixowq.ahmkmlo@example.com,2024-07-01,India
1327,Sylcsb,Zmufjfd,sylcsb.zmufjfd@example.com,2020-03-22,Canada
1328,Iqziyn,Ebfvpxo,iqziyn.ebfvpxo@example.com,2023-03-27,Germany
1329,Ipvwzy,Xvhllpr,ipvwzy.xvhllpr@example.com,2022-08-24,USA
1330,Wkvsba,Cgmzksv,wkvsba.cgmzksv@example.com,2023-01-06,USA
1331,Uqxgdd,Cesisvd,uqxgdd.cesisvd@example.com,2020-07-25,UK
1332,Jemgjk,Fwkcltv,jemgjk.fwkcltv@example.com,2020-03-06,India
1333,Fgvkmc,Cqibnpa,fgvkmc.cqibnpa@example.com,2021-10-08,India
1334,Pnxpno,Svzrtzm,pnxpno.svzrtzm@example.com,2024-02-04,Germany
1335,Hpozgy,Glqavbs,hpozgy.glqavbs@example.com,2021-02-08,Canada
1336,Vntvws,Ojaystc,vntvws.ojaystc@example.com,2021-09-01,Canada
1337,Oqvcdx,Jhzxupb,oqvcdx.jhzxupb@example.com,2022-05-19,USA
1338,Dwbegi,Wcfabhb,dwbegi.wcfabhb@example.com,2020-12-17,USA
1339,Lzlwmw,Rrciiiy,lzlwmw.rrciiiy@example.com,2024-01-09,Canada
1340,Ddzovt,Uslqxek,ddzovt.uslqxek@example.com,2021-12-02,USA
1341,Cebzry,Dbepsrj,cebzry.dbepsrj@example.com,2022-10-16,Canada
1342,Tnkqxv,Rexuzbj,tnkqxv.rexuzbj@example.com,2023-10-18,Germany
1343,Vxjqmb,Cwwdumb,vxjqmb.cwwdumb@example.com,2024-05-08,USA
1344,Jxzcdw,Bcqqchm,jxzcdw.bcqqchm@example.com,2024-08-04,India
1345,Mkrphp,Qgikswm,mkrphp.qgikswm@example.com,2021-01-09,Germany
1346,Etntok,Pypqrgs,etntok.pypqrgs@example.com,2022-01-25,Canada
1347,Ruyane,Tvbexao,ruyane.tvbexao@example.com,2021-10-25,USA
1348,Palmgd,Iwwfaay,palmgd.iwwfaay@example.com,2020-06-24,USA
1349,Mfpovz,Emhgpxm,mfpovz.emhgpxm@example.com,2023-04-27,UK
1350,Hcktjc,Clmlatb,hcktjc.clmlatb@example.com,2023-05-06,Germany
1351,Fcfsbf,Yeglduh,fcfsbf.yeglduh@example.com,2020-01-10,Germany
1352,Owbvvt,Aptkyub,owbvvt.aptkyub@example.com,2023-06-05,UK
1353,Snobea,Ajnlqxa,snobea.ajnlqxa@example.com,2021-01-10,Germany
1354,Pobomk,Syayaqp,pobomk.syayaqp@example.com,2024-01-01,USA
1355,Gkzdcp,Kjajflh,gkzdcp.kjajflh@example.com,2021-04-25,Germany
1356,Fqqedw,Xdedkfm,fqqedw.xdedkfm@example.com,2021-10-18,USA
1357,Alsviw,Ixvwcwe,alsviw.ixvwcwe@example.com,2023-05-04,India
1358,Nsnvai,Jefoldd,nsnvai.jefoldd@example.com,2022-02-09,India
1359,Gwbooj,Dfydxwo,gwbooj.dfydxwo@example.com,2023-08-14,UK
1360,Rkuhkt,Rhmesbw,rkuhkt.rhmesbw@example.com,2020-07-12,India
1361,Xmhlzl,Bcwrjph,xmhlzl.bcwrjph@example.com,2021-03-07,Canada
1362,Uzqzho,Yyknhcz,uzqzho.yyknhcz@example.com,2020-01-25,UK
1363,Bzyebp,Puyfcwh,bzyebp.puyfcwh@example.com,2022-11-06,Germany
1364,Jcdlbv,Sjfjfte,jcdlbv.sjfjfte@example.com,2021-05-25,UK
1365,Oxqnge,Vejfuuf,oxqnge.vejfuuf@example.com,2024-09-07,Germany
1366,Mjbbpu,Troiyna,mjbbpu.troiyna@example.com,2022-10-15,USA
1367,Gjzuds,Kfaucof,gjzuds.kfaucof@example.com,2023-07-01,Germany
1368,Wovhvm,Pvpeyvs,wovhvm.pvpeyvs@example.com,2023-08-09,Germany
1369,Lopiib,Sxnnwcf,lopiib.sxnnwcf@example.com,2020-12-07,Canada
1370,Tzorsd,Wxwumpd,tzorsd.wxwumpd@example.com,2023-02-11,UK
1371,Jbrmcl,Vqvyerv,jbrmcl.vqvyerv@example.com,2022-04-08,Canada
1372,Oqxlqz,Nfyjmpu,oqxlqz.nfyjmpu@example.com,2020-01-04,Germany
1373,Qtfobo,Ckbwalo,qtfobo.ckbwalo@example.com,2022-01-10,USA
1374,Iazxho,Pmmxsee,iazxho.pmmxsee@example.com,2024-11-28,Canada
1375,Vefeti,Jgsfxrn,vefeti.jgsfxrn@example.com,2024-08-15,Canada
1376,Efuiyg,Uhygecc,efuiyg.uhygecc@example.com,2021-08-11,USA
1377,Qmylon,Qsdwohw,qmylon.qsdwohw@example.com,2021-11-12,India
1378,Pxairj,Ibrogei,pxairj.ibrogei@example.com,2020-02-13,UK
1379,Fsfrup,Tugslso,fsfrup.tugslso@example.com,2020-07-05,Canada
1380,Wfwzlv,Nshaztd,wfwzlv.nshaztd@example.com,2023-06-16,Canada
1381,Vryute,Fgwjdeo,vryute.fgwjdeo@example.com,2023-12-09,Germany
1382,Kpqqqn,Rhctiwz,kpqqqn.rhctiwz@example.com,2021-09-06,Canada
1383,Hftczp,Avjcych,hftczp.avjcych@example.com,2020-04-02,Germany
1384,Bytklk,Bjzyxgn,bytklk.bjzyxgn@example.com,2021-10-13,India
1385,Aqjckr,Fosjlid,aqjckr.fosjlid@example.com,2021-10-15,USA
1386,Vbgvlg,Cfadyof,vbgvlg.cfadyof@example.com,2021-10-01,Germany
1387,Ewdnly,Fimrqtg,ewdnly.fimrqtg@example.com,2020-11-19,Germany
1388,Zljfgg,Pnixboa,zljfgg.pnixboa@example.com,2020-07-01,India
1389,Hnirrk,Lthosdk,hnirrk.lthosdk@example.com,2023-11-14,UK
1390,Oqcajg,Rgchiil,oqcajg.rgchiil@example.com,2023-08-15,India
1391,Bcicwa,Szoznug,bcicwa.szoznug@example.com,2020-12-10,UK
1392,Twkucu,Ukdefcn,twkucu.ukdefcn@example.com,2024-10-08,Canada
1393,Ditjmf,Lkrpkkq,ditjmf.lkrpkkq@example.com,2023-08-09,UK
1394,Yozjqw,Gjljsyc,yozjqw.gjljsyc@example.com,2020-02-27,India
1395,Jpmfyy,Akegjnq,jpmfyy.akegjnq@example.com,2020-12-23,India
1396,Nxxfut,Rhtilae,nxxfut.rhtilae@example.com,2020-06-26,Germany
1397,Twwyoh,Svompqx,twwyoh.svompqx@example.com,2021-12-28,Germany
1398,Nesjec,Nkbfxnk,nesjec.nkbfxnk@example.com,2021-08-17,Canada
1399,Xvhtqm,Faesjzy,xvhtqm.faesjzy@example.com,2024-03-20,Canada
1400,Okacqw,Ejrxwed,okacqw.ejrxwed@example.com,2022-04-19,India
1401,Ngwwtk,Mfaisjt,ngwwtk.mfaisjt@example.com,2022-11-18,UK
1402,Rnajdn,Fbbdbdv,rnajdn.fbbdbdv@example.com,2021-08-04,UK
1403,Liljkp,Olumrzc,liljkp.olumrzc@example.com,2024-01-04,Germany
1404,Bnxcqk,Ophhuvb,bnxcqk.ophhuvb@example.com,2020-02-25,Canada
1405,Mjqaiy,Lcbmwwn,mjqaiy.lcbmwwn@example.com,2024-11-22,India
1406,Dkcvab,Tjydnrd,dkcvab.tjydnrd@example.com,2023-10-01,USA
1407,Lqsfyk,Hszlary,lqsfyk.hszlary@example.com,2022-04-28,USA
1408,Xssovn,Edhbssu,xssovn.edhbssu@example.com,2022-07-03,USA
1409,Qkbtcm,Atnhpvi,qkbtcm.atnhpvi@example.com,2024-07-03,USA
1410,Azmovp,Cnjqnap,azmovp.cnjqnap@example.com,2023-07-17,Canada
1411,Wjifnh,Ofmkciz,wjifnh.ofmkciz@example.com,2022-12-26,Germany
1412,Wmgsxp,Fkoubjv,wmgsxp.fkoubjv@example.com,2020-05-08,Germany
1413,Krzjow,Onqhfgy,krzjow.onqhfgy@example.com,2024-10-26,USA
1414,Orqlou,Zlmkoss,orqlou.zlmkoss@example.com,2022-04-10,USA
1415,Hqmych,Ukjwezu,hqmych.ukjwezu@example.com,2023-04-09,UK
1416,Mavvwk,Eovrfag,mavvwk.eovrfag@example.com,2021-05-21,USA
1417,Ccdshb,Cnwixda,ccdshb.cnwixda@example.com,2024-03-19,USA
1418,Ifkkmf,Fvmkkyw,ifkkmf.fvmkkyw@example.com,2022-01-17,Germany
1419,Iblqye,Zfmqzhz,iblqye.zfmqzhz@example.com,2022-11-20,India
1420,Owjinn,Xjoojqm,owjinn.xjoojqm@example.com,2023-01-24,India
1421,Sekgzm,Smvkvqq,sekgzm.smvkvqq@example.com,2021-11-01,USA
1422,Oioist,Iousfic,oioist.iousfic@example.com,2024-07-04,USA
1423,Wxrmtr,Zdqmuth,wxrmtr.zdqmuth@example.com,2021-02-01,Germany
1424,Mqublq,Kgnbqhp,mqublq.kgnbqhp@example.com,2022-11-28,Germany
1425,Bjamjh,Zyahocs,bjamjh.zyahocs@example.com,2022-08-23,USA
1426,Wjdafi,Uqbmjis,wjdafi.uqbmjis@example.com,2023-05-18,India
1427,Gdeekj,Wnrsbvw,gdeekj.wnrsbvw@example.com,2021-04-28,India
1428,Rnainn,Kjzjthn,rnainn.kjzjthn@example.com,2024-12-28,UK
1429,Alggfa,Jfpijbx,alggfa.jfpijbx@example.com,2024-01-03,Germany
1430,Xdkvdh,Kaokosa,xdkvdh.kaokosa@example.com,2022-09-11,Canada
1431,Pppgzj,Thkaorw,pppgzj.thkaorw@example.com,2024-09-15,UK
1432,Awvjfs,Vyxtzza,awvjfs.vyxtzza@example.com,2020-07-22,India
1433,Cvrgpx,Hpuvfvi,cvrgpx.hpuvfvi@example.com,2020-10-23,India
1434,Ifcxzv,Ordkfga,ifcxzv.ordkfga@example.com,2023-05-24,Canada
1435,Mrwgyd,Qjzszii,mrwgyd.qjzszii@example.com,2023-09-08,Canada
1436,Tfwgzw,Gpexznd,tfwgzw.gpexznd@example.com,2023-09-04,USA
1437,Jmhpdr,Gbyclrh,jmhpdr.gbyclrh@example.com,2024-08-25,India
1438,Gotcvl,Zlrxwha,gotcvl.zlrxwha@example.com,2024-07-08,UK
1439,Jqshnn,Pdpjxur,jqshnn.pdpjxur@example.com,2021-07-15,India
1440,Mxcepz,Lviurho,mxcepz.lviurho@example.com,2021-12-12,Canada
1441,Aavydh,Puyukzj,aavydh.puyukzj@example.com,2020-10-20,India
1442,Nvzxao,Risfwku,nvzxao.risfwku@example.com,2022-04-10,Canada
1443,Zefwnn,Qwugtoz,zefwnn.qwugtoz@example.com,2020-11-10,India
1444,Pywsii,Zbhmpku,pywsii.zbhmpku@example.com,2021-06-10,India
1445,Regwnq,Kaamvpd,regwnq.kaamvpd@example.com,2023-06-19,UK
1446,Crucmk,Kwktxvi,crucmk.kwktxvi@example.com,2023-09-08,USA
1447,Bzjdif,Kchwzrj,bzjdif.kchwzrj@example.com,2021-03-08,USA
1448,Zubdhl,Tmtogsw,zubdhl.tmtogsw@example.com,2021-03-15,India
1449,Paksos,Ugcqlme,paksos.ugcqlme@example.com,2021-06-18,UK
1450,Jagjjq,Peplwrd,jagjjq.peplwrd@example.com,2024-05-22,UK
1451,Mlftqk,Uidufim,mlftqk.uidufim@example.com,2023-06-04,Germany
1452,Wwaivn,Qkzftcj,wwaivn.qkzftcj@example.com,2024-07-01,USA
1453,Ormnep,Vspkvsp,ormnep.vspkvsp@example.com,2024-10-03,USA
1454,Hnbvmk,Alrzfbs,hnbvmk.alrzfbs@example.com,2024-03-03,UK
1455,Auhirs,Kdrwoox,auhirs.kdrwoox@example.com,2021-12-02,India
1456,Fhlvoy,Ibkxald,fhlvoy.ibkxald@example.com,2020-11-01,Germany
1457,Urnqco,Mczjhlq,urnqco.mczjhlq@example.com,2021-12-23,India
1458,Fodjat,Gycszul,fodjat.gycszul@example.com,2020-11-25,USA
1459,Hirrym,Ttcsisn,hirrym.ttcsisn@example.com,2023-08-09,Germany
1460,Cnblii,Pqpswrs,cnblii.pqpswrs@example.com,2024-03-25,USA
1461,Mfzdbp,Jsqeelo,mfzdbp.jsqeelo@example.com,2022-09-05,UK
1462,Abgyrz,Ojscapl,abgyrz.ojscapl@example.com,2021-03-02,Germany
1463,Iklsgq,Bpykple,iklsgq.bpykple@example.com,2023-03-08,UK
1464,Htecaw,Uwjlukc,htecaw.uwjlukc@example.com,2022-11-01,India
1465,Hbbndv,Ipsucev,hbbndv.ipsucev@example.com,2024-03-20,Germany
1466,Spwjty,Qwcgpva,spwjty.qwcgpva@example.com,2024-04-18,USA
1467,Qrqqlv,Syeafrg,qrqqlv.syeafrg@example.com,2021-06-21,UK
1468,Gvvjnl,Prqintr,gvvjnl.prqintr@example.com,2023-02-23,Canada
1469,Kwrtxi,Nmsotna,kwrtxi.nmsotna@example.com,2021-01-16,India
1470,Tukhlp,Soohelo,tukhlp.soohelo@example.com,2023-04-20,India
1471,Qvedmf,Qxrcnai,qvedmf.qxrcnai@example.com,2020-12-08,UK
1472,Nfyjgh,Auzusml,nfyjgh.auzusml@example.com,2023-01-21,India
1473,Ovdmza,Sjddsng,ovdmza.sjddsng@example.com,2021-05-27,Canada
1474,Cmbaph,Iimhzfn,cmbaph.iimhzfn@example.com,2021-06-21,USA
1475,Wdrtae,Qcwyloa,wdrtae.qcwyloa@example.com,2020-10-14,Canada
1476,Naxkyl,Hipqtpz,naxkyl.hipqtpz@example.com,2024-11-23,India
1477,Ovweyq,Lbeywde,ovweyq.lbeywde@example.com,2024-01-19,USA
1478,Arcrwg,Mzgfnux,arcrwg.mzgfnux@example.com,2020-10-22,USA
1479,Kmebik,Xirfghw,kmebik.xirfghw@example.com,2021-10-21,USA
1480,Xzkini,Mqifdwr,xzkini.mqifdwr@example.com,2024-07-26,India
1481,Hazquj,Uwxuuqz,hazquj.uwxuuqz@example.com,2024-04-10,India
1482,Gzbbll,Ecyvryc,gzbbll.ecyvryc@example.com,2021-07-22,USA
1483,Dvrnwq,Jvposxa,dvrnwq.jvposxa@example.com,2023-11-15,USA
1484,Njujml,Ufvmzqm,njujml.ufvmzqm@example.com,2024-12-10,Canada
1485,Koyyjy,Vnrogoq,koyyjy.vnrogoq@example.com,2023-08-27,UK
1486,Vbmycz,Bsmkefx,vbmycz.bsmkefx@example.com,2023-10-26,Canada
1487,Hfijmr,Luwymyh,hfijmr.luwymyh@example.com,2024-06-09,Germany
1488,Ugyvzv,Cbkwqmq,ugyvzv.cbkwqmq@example.com,2024-10-04,India
1489,Hjcztv,Iyttqjx,hjcztv.iyttqjx@example.com,2022-12-08,UK
1490,Xfvwek,Bmrxlrd,xfvwek.bmrxlrd@example.com,2020-02-25,UK
1491,Tieiza,Nmaixqa,tieiza.nmaixqa@example.com,2020-03-20,Canada
1492,Tmilgl,Orloqzo,tmilgl.orloqzo@example.com,2020-08-06,Germany
1493,Enlxum,Bgslfwy,enlxum.bgslfwy@example.com,2021-06-23,UK
1494,Swucfc,Xixjpjr,swucfc.xixjpjr@example.com,2023-07-05,Canada
1495,Fzxgkf,Tcwbjrs,fzxgkf.tcwbjrs@example.com,2022-07-09,USA
1496,Irfewe,Gehmrgk,irfewe.gehmrgk@example.com,2021-12-16,UK
1497,Cqkmzk,Kxfxkmp,cqkmzk.kxfxkmp@example.com,2024-07-14,Canada
1498,Lnqaop,Scxrqys,lnqaop.scxrqys@example.com,2020-01-28,Canada
1499,Debnlj,Fzlezfn,debnlj.fzlezfn@example.com,2024-12-09,India
